,p1,p2,p3,p4,p5,p6,p7,p8,p9,p10,p11,p12,p13,p14,p15,p16,p17,p18,p19,p20,p21,p22,p23,p24,p25,p26,p27,p28,p29,p30,cost,safety_factor,error,est_error,state_loss,error_loss
0,13.813432406888769,55.82981311658123,14.464273822861088,85.0819459201549,58.99549771741613,85.26425148875931,16.3504973025458,84.33257451642842,6.915884661160526,41.27258325496623,37.45352829413139,1.4546636366451904,17.30029807899553,85.20946233057126,8.612289474323925,16.994582152366963,36.16567492298847,80.14425564273922,80.70743314054755,45.47494933294532,52.39759809698402,33.66193034599629,27.017904854453292,1.5962422751911032,12.837649308356916,51.68068038804243,20.22477161892485,39.50998136818835,78.82526511402894,25.633849792714567,5.134075032087856,39.92253530761572,inf,0.506256639957428,0.5086804628372192,0.4009011387825012
1,13.813432406888769,55.82981311658123,14.464273822861088,85.0819459201549,58.99549771741613,85.26425148875931,16.3504973025458,84.33257451642842,6.915884661160526,41.27258325496623,37.45352829413139,1.4546636366451904,17.30029807899553,85.20946233057126,8.612289474323925,16.994582152366963,36.16567492298847,80.14425564273922,80.70743314054755,45.47494933294532,52.39759809698402,33.66193034599629,27.017904854453292,1.5962422751911032,12.837649308356916,51.68068038804243,20.22477161892485,39.50998136818835,78.82526511402894,25.633849792714567,5.134075032087856,39.92253530761572,inf,0.04844935983419418,0.05114768445491791,0.30649253726005554
