,p1,p2,p3,p4,p5,p6,p7,p8,p9,p10,p11,p12,p13,p14,p15,p16,p17,p18,p19,p20,p21,p22,p23,p24,p25,p26,p27,p28,p29,p30,cost,safety_factor,error,est_error,state_loss,error_loss
0,63.27624352079868,78.85890050700229,21.62666757636145,33.80946621511206,60.662733616640644,44.456561774888314,21.40715782872722,68.50271082593883,88.97201668034961,83.2753487828697,42.64882913963368,4.710098023926287,89.23094118319823,52.442628561769446,47.14891185155151,18.63095028574643,52.133090980736554,68.31040910138496,60.66678258894356,65.69222203937062,51.41215318940692,64.07565543312766,8.754562784510538,27.543828582181423,1.938964961888261,7.298837857328486,29.336415697118518,21.504880748445764,53.132717549132046,48.15049007634189,1.5567733689486178,3.139218136207773,inf,0.6349467039108276,0.6367776989936829,0.2996061444282532
1,63.27624352079868,78.85890050700229,21.62666757636145,33.80946621511206,60.662733616640644,44.456561774888314,21.40715782872722,68.50271082593883,88.97201668034961,83.2753487828697,42.64882913963368,4.710098023926287,89.23094118319823,52.442628561769446,47.14891185155151,18.63095028574643,52.133090980736554,68.31040910138496,60.66678258894356,65.69222203937062,51.41215318940692,64.07565543312766,8.754562784510538,27.543828582181423,1.938964961888261,7.298837857328486,29.336415697118518,21.504880748445764,53.132717549132046,48.15049007634189,1.5567733689486178,3.139218136207773,inf,0.1333962231874466,0.13930627703666687,0.2360818088054657
