,p1,p2,p3,p4,p5,p6,p7,p8,p9,p10,p11,p12,p13,p14,p15,p16,p17,p18,p19,p20,p21,p22,p23,p24,p25,p26,p27,p28,p29,p30,cost,safety_factor,error,est_error,state_loss,error_loss
0,79.45142893582081,32.3395588661355,4.02284200944215,7.840237470727315,11.573855107869282,50.348136963198804,80.20667871812978,55.64199273701961,62.78402181231089,50.49101006186888,73.68696028420112,12.56131352960811,55.38186685730407,10.470265449401015,35.21024770867392,63.59579016483317,78.89999926722331,12.218283477789399,25.386830440254872,44.569032024874154,4.974084164469356,52.0301397206283,63.429126940209784,32.312661699133166,87.44493208779262,55.03400089955378,9.553499731916252,86.15756138982672,50.147834328350974,24.2495186743958,4.949239574414311,1.5468428476762432,inf,0.7731834053993225,0.7790722250938416,0.13244281709194183
1,79.45142893582081,32.3395588661355,4.02284200944215,7.840237470727315,11.573855107869282,50.348136963198804,80.20667871812978,55.64199273701961,62.78402181231089,50.49101006186888,73.68696028420112,12.56131352960811,55.38186685730407,10.470265449401015,35.21024770867392,63.59579016483317,78.89999926722331,12.218283477789399,25.386830440254872,44.569032024874154,4.974084164469356,52.0301397206283,63.429126940209784,32.312661699133166,87.44493208779262,55.03400089955378,9.553499731916252,86.15756138982672,50.147834328350974,24.2495186743958,4.949239574414311,1.5468428476762432,inf,0.4119144380092621,0.42236003279685974,0.10855039209127426
2,79.45142893582081,32.3395588661355,4.02284200944215,7.840237470727315,11.573855107869282,50.348136963198804,80.20667871812978,55.64199273701961,62.78402181231089,50.49101006186888,73.68696028420112,12.56131352960811,55.38186685730407,10.470265449401015,35.21024770867392,63.59579016483317,78.89999926722331,12.218283477789399,25.386830440254872,44.569032024874154,4.974084164469356,52.0301397206283,63.429126940209784,32.312661699133166,87.44493208779262,55.03400089955378,9.553499731916252,86.15756138982672,50.147834328350974,24.2495186743958,4.949239574414311,1.5468428476762432,inf,0.16267098486423492,0.17272759974002838,0.09594576805830002
