,p1,p2,p3,p4,p5,p6,p7,p8,p9,p10,p11,p12,p13,p14,p15,p16,p17,p18,p19,p20,p21,p22,p23,p24,p25,p26,p27,p28,p29,p30,cost,safety_factor,error,est_error,state_loss,error_loss
0,78.77364491661307,46.73228379554502,11.920364979635407,0.4696958947115304,66.84223503905875,15.555611475268615,19.404690061607678,10.881562345888426,59.28941357506077,12.385700597489324,35.44388953376292,45.399425011692216,19.193726941009917,33.54163330463978,24.10220975610469,12.425266634013042,49.90756479984897,20.53182614033577,58.129865475891584,14.293544598602315,87.53445701754785,73.883491414897,67.84509674248832,13.418200280102386,47.5411619130473,14.920994587119305,58.380997099888134,17.932072763963394,73.9457090139069,25.412270251158155,0.7889799779831966,0.1474253888030885,inf,0.8133183121681213,0.8178683519363403,0.25085943937301636
1,78.77364491661307,46.73228379554502,11.920364979635407,0.4696958947115304,66.84223503905875,15.555611475268615,19.404690061607678,10.881562345888426,59.28941357506077,12.385700597489324,35.44388953376292,45.399425011692216,19.193726941009917,33.54163330463978,24.10220975610469,12.425266634013042,49.90756479984897,20.53182614033577,58.129865475891584,14.293544598602315,87.53445701754785,73.883491414897,67.84509674248832,13.418200280102386,47.5411619130473,14.920994587119305,58.380997099888134,17.932072763963394,73.9457090139069,25.412270251158155,0.7889799779831966,0.1474253888030885,inf,0.4134030044078827,0.4151908755302429,0.27759498357772827
2,78.77364491661307,46.73228379554502,11.920364979635407,0.4696958947115304,66.84223503905875,15.555611475268615,19.404690061607678,10.881562345888426,59.28941357506077,12.385700597489324,35.44388953376292,45.399425011692216,19.193726941009917,33.54163330463978,24.10220975610469,12.425266634013042,49.90756479984897,20.53182614033577,58.129865475891584,14.293544598602315,87.53445701754785,73.883491414897,67.84509674248832,13.418200280102386,47.5411619130473,14.920994587119305,58.380997099888134,17.932072763963394,73.9457090139069,25.412270251158155,0.7889799779831966,0.1474253888030885,inf,0.1881789118051529,0.1912497580051422,0.2349051833152771
