,p1,p2,p3,p4,p5,p6,p7,p8,p9,p10,p11,p12,p13,p14,p15,p16,p17,p18,p19,p20,p21,p22,p23,p24,p25,p26,p27,p28,p29,p30,cost,safety_factor,error,est_error,state_loss,error_loss
0,43.017209610222615,31.43398010064641,69.14939151219626,52.33251367185946,13.134634947973272,26.89657738324001,31.42368460165229,11.231220932365238,8.483687905574762,82.60800013393718,17.867887907705903,49.562422865964336,74.10576764566817,30.826577374357502,37.92916352241158,64.13024484744369,17.044883778858004,6.155662128737793,50.158214461202256,69.29585312027967,84.53849569991445,15.644345226329383,36.0149865688517,59.12575272940306,52.27143135517831,5.7179164335037065,1.728215152524386,61.31755777755332,58.23378786218634,48.88511380491797,3.7328830919160936,3.83322273425932,inf,0.5003246665000916,0.508300244808197,0.29296791553497314
1,43.017209610222615,31.43398010064641,69.14939151219626,52.33251367185946,13.134634947973272,26.89657738324001,31.42368460165229,11.231220932365238,8.483687905574762,82.60800013393718,17.867887907705903,49.562422865964336,74.10576764566817,30.826577374357502,37.92916352241158,64.13024484744369,17.044883778858004,6.155662128737793,50.158214461202256,69.29585312027967,84.53849569991445,15.644345226329383,36.0149865688517,59.12575272940306,52.27143135517831,5.7179164335037065,1.728215152524386,61.31755777755332,58.23378786218634,48.88511380491797,3.7328830919160936,3.83322273425932,inf,0.3673165440559387,0.4041992127895355,0.28690943121910095
2,42.746397256851196,71.78305864334106,75.1539409160614,75.94896912574768,77.4334967136383,80.27834415435791,84.27620887756348,85.80811500549316,87.46528029441833,88.53446245193481,88.9929860830307,89.22060370445251,89.3644666671753,89.47977483272552,89.63521420955658,89.70343351364136,89.77741956710815,89.84415829181671,89.88564133644104,89.92858350276947,89.93047714233398,89.9465811252594,89.95709538459778,89.96657967567444,89.9709141254425,89.97760355472565,89.9854302406311,89.99066054821014,89.9931389093399,89.99519348144531,0.8791216958433019,0.7910230239948683,0.10845290058418379,0.13807269930839539,0.14545606076717377,0.24153518676757812
