,p1,p2,p3,p4,p5,p6,p7,p8,p9,p10,p11,p12,p13,p14,p15,p16,p17,p18,p19,p20,p21,p22,p23,p24,p25,p26,p27,p28,p29,p30,cost,safety_factor,error,est_error,state_loss,error_loss
0,24.193999436752158,61.46030249364488,77.50137873945302,16.51825446192306,13.086439958438238,65.97223828181816,77.89042671177138,17.828949568627685,7.564749434316548,50.439768284128924,34.319763005199825,53.873882870300015,57.136875374640276,30.90285527338772,52.04296400724634,16.61415122518765,50.80106275539576,23.056268912712103,10.350154384386483,11.436821268530302,33.52277293307632,79.52597212347182,10.75138769141405,25.050201618065973,34.57156954764773,47.80337520025979,44.36384895014053,78.43893130872868,14.818834939342368,50.27152203897867,3.626090029624531,0.25408179694268535,inf,0.5481653213500977,0.55314040184021,0.36527958512306213
1,24.193999436752158,61.46030249364488,77.50137873945302,16.51825446192306,13.086439958438238,65.97223828181816,77.89042671177138,17.828949568627685,7.564749434316548,50.439768284128924,34.319763005199825,53.873882870300015,57.136875374640276,30.90285527338772,52.04296400724634,16.61415122518765,50.80106275539576,23.056268912712103,10.350154384386483,11.436821268530302,33.52277293307632,79.52597212347182,10.75138769141405,25.050201618065973,34.57156954764773,47.80337520025979,44.36384895014053,78.43893130872868,14.818834939342368,50.27152203897867,3.626090029624531,0.25408179694268535,inf,0.3410033583641052,0.3892704248428345,0.3391430079936981
