,p1,p2,p3,p4,p5,p6,p7,p8,p9,p10,p11,p12,p13,p14,p15,p16,p17,p18,p19,p20,p21,p22,p23,p24,p25,p26,p27,p28,p29,p30,cost,safety_factor,error,est_error,state_loss,error_loss
0,6.453732344860613,53.42788559170341,48.021942103742575,18.26623316503461,77.40617808726977,26.9681080717546,59.65114355941067,12.762752837967499,75.32173865832905,50.447941236920535,6.350377236783275,49.41292286914,83.07182567923121,81.47498201458997,52.99732601315107,23.187134713219013,40.46869332211937,52.20925646250883,32.5626956485727,82.33402288339396,55.36531413852374,28.534739041366727,3.19693016557265,39.729963258136685,31.18420073707436,54.77385030620904,80.91043953001221,87.87213179133538,62.99582579300101,52.36027980000487,4.061024661300894,10.662969883042127,inf,0.7050960659980774,0.7132300734519958,0.18327867984771729
1,6.453732344860613,53.42788559170341,48.021942103742575,18.26623316503461,77.40617808726977,26.9681080717546,59.65114355941067,12.762752837967499,75.32173865832905,50.447941236920535,6.350377236783275,49.41292286914,83.07182567923121,81.47498201458997,52.99732601315107,23.187134713219013,40.46869332211937,52.20925646250883,32.5626956485727,82.33402288339396,55.36531413852374,28.534739041366727,3.19693016557265,39.729963258136685,31.18420073707436,54.77385030620904,80.91043953001221,87.87213179133538,62.99582579300101,52.36027980000487,4.061024661300894,10.662969883042127,inf,0.3012675940990448,0.3122907876968384,0.1702115833759308
2,47.07422733306885,68.55758428573608,68.63441348075867,69.32846188545227,69.38302874565125,69.61846232414246,69.95009064674377,70.06604790687561,70.1210868358612,70.2347481250763,70.42677283287048,70.49167156219482,70.60128808021545,70.9909862279892,71.308114528656,71.70433044433594,75.49355149269104,77.26401329040527,81.49798214435577,83.95401120185852,86.27343535423279,87.29902625083923,88.33273887634277,88.61127018928528,88.7263423204422,88.73943150043488,89.17439997196198,89.41255331039429,89.5806473493576,89.69062328338623,1.043965294844627,0.9727245661627636,0.077652964127511,0.10777656733989716,0.10950876772403717,0.1602391004562378
