,p1,p2,p3,p4,p5,p6,p7,p8,p9,p10,p11,p12,p13,p14,p15,p16,p17,p18,p19,p20,p21,p22,p23,p24,p25,p26,p27,p28,p29,p30,cost,safety_factor,error,est_error,state_loss,error_loss
0,18.58345656859332,52.21478484120795,21.470986832358225,48.80265382442503,39.226005823730254,55.02239760919006,67.46811089735343,24.795632334507232,77.95584858045872,56.64601383351048,16.475901315630328,79.82891722640566,31.70772871413485,66.91891386098209,54.435383911606294,20.005466225711828,67.50192507242893,30.9765450242056,27.193561357812193,43.2028873275265,44.04629481003206,46.416246582879666,30.154640426485106,34.43209752628543,48.158306678282486,0.9791814517195785,50.44835434005923,65.10413359344355,65.81198611635894,32.162185801083204,3.067139410717369,2.7449873600659376,inf,0.5264506340026855,0.5332028865814209,0.264280766248703
1,18.58345656859332,52.21478484120795,21.470986832358225,48.80265382442503,39.226005823730254,55.02239760919006,67.46811089735343,24.795632334507232,77.95584858045872,56.64601383351048,16.475901315630328,79.82891722640566,31.70772871413485,66.91891386098209,54.435383911606294,20.005466225711828,67.50192507242893,30.9765450242056,27.193561357812193,43.2028873275265,44.04629481003206,46.416246582879666,30.154640426485106,34.43209752628543,48.158306678282486,0.9791814517195785,50.44835434005923,65.10413359344355,65.81198611635894,32.162185801083204,3.067139410717369,2.7449873600659376,inf,0.18308213353157043,0.19181761145591736,0.24515701830387115
