,p1,p2,p3,p4,p5,p6,p7,p8,p9,p10,p11,p12,p13,p14,p15,p16,p17,p18,p19,p20,p21,p22,p23,p24,p25,p26,p27,p28,p29,p30,cost,safety_factor,error,est_error,state_loss,error_loss
0,74.58485258517538,48.78255266325822,70.81533009482764,0.8109153371300126,58.87571974073062,35.68175003886116,8.786600208589745,41.32886819807902,39.94816255476918,35.95339583886202,15.41152068992101,87.89784604969776,77.2867596626909,49.69327548880616,67.28137616485526,25.515005353821774,8.619971214945586,39.430795324991294,4.041626420838396,10.602053301581849,20.912558578484095,78.63834933592914,48.710422086896486,59.541925287076786,68.06056673243604,24.378687546316364,21.813059412624295,26.518258819104943,79.31157136771427,58.51018948062744,2.839560281338678,3.4011479731010112,inf,0.5055875778198242,0.506920576095581,0.22048315405845642
1,74.58485258517538,48.78255266325822,70.81533009482764,0.8109153371300126,58.87571974073062,35.68175003886116,8.786600208589745,41.32886819807902,39.94816255476918,35.95339583886202,15.41152068992101,87.89784604969776,77.2867596626909,49.69327548880616,67.28137616485526,25.515005353821774,8.619971214945586,39.430795324991294,4.041626420838396,10.602053301581849,20.912558578484095,78.63834933592914,48.710422086896486,59.541925287076786,68.06056673243604,24.378687546316364,21.813059412624295,26.518258819104943,79.31157136771427,58.51018948062744,2.839560281338678,3.4011479731010112,inf,0.18483810126781464,0.1886424422264099,0.20774327218532562
