,p1,p2,p3,p4,p5,p6,p7,p8,p9,p10,p11,p12,p13,p14,p15,p16,p17,p18,p19,p20,p21,p22,p23,p24,p25,p26,p27,p28,p29,p30,cost,safety_factor,error,est_error,state_loss,error_loss
0,10.597489001009663,41.385730068618706,75.70286678792314,37.798031940512566,13.999956445311405,85.78522600078253,83.66206793233364,37.26461592397527,36.755903914604296,48.43484315265947,80.87447669352589,87.89216149241584,45.936191268997135,71.58689612395635,87.70956762872608,22.146554902003427,87.33194863170475,8.323589363093149,49.80952047781808,73.64593027312108,34.61265233617571,76.7105026635881,29.05430567990357,75.55545085565991,16.880701562985877,78.67254947286386,14.767438785735456,45.78417122104988,34.481309953802366,0.05769669245082376,1.2782050450263533,1.2408860527092256,inf,0.5858243703842163,0.5905755758285522,0.725240170955658
1,10.597489001009663,41.385730068618706,75.70286678792314,37.798031940512566,13.999956445311405,85.78522600078253,83.66206793233364,37.26461592397527,36.755903914604296,48.43484315265947,80.87447669352589,87.89216149241584,45.936191268997135,71.58689612395635,87.70956762872608,22.146554902003427,87.33194863170475,8.323589363093149,49.80952047781808,73.64593027312108,34.61265233617571,76.7105026635881,29.05430567990357,75.55545085565991,16.880701562985877,78.67254947286386,14.767438785735456,45.78417122104988,34.481309953802366,0.05769669245082376,1.2782050450263533,1.2408860527092256,inf,0.24658463895320892,0.2746914029121399,0.37744447588920593
