,p1,p2,p3,p4,p5,p6,p7,p8,p9,p10,p11,p12,p13,p14,p15,p16,p17,p18,p19,p20,p21,p22,p23,p24,p25,p26,p27,p28,p29,p30,cost,safety_factor,error,est_error,state_loss,error_loss
0,85.8643207733299,88.47407612316871,41.89634689902641,34.1156791544812,19.720492198083573,70.8521298142321,37.21886865185983,42.920029867606154,44.4386095508654,74.37098560114907,78.32542902339338,83.15760910819755,16.996580971510262,52.47619567580162,1.0027400641250817,19.884401273387088,79.58476223693482,26.970344886063646,53.86163157677149,13.285809636113095,28.294513021591765,63.68289989274706,22.971165252997903,69.95921796028956,80.97668928022013,69.7164738205791,86.97050967925654,50.6964847734315,66.24558365732942,46.53831717911857,1.9389262317443914,0.0007422030251187447,inf,0.7428359389305115,0.7447600364685059,0.18380407989025116
1,85.8643207733299,88.47407612316871,41.89634689902641,34.1156791544812,19.720492198083573,70.8521298142321,37.21886865185983,42.920029867606154,44.4386095508654,74.37098560114907,78.32542902339338,83.15760910819755,16.996580971510262,52.47619567580162,1.0027400641250817,19.884401273387088,79.58476223693482,26.970344886063646,53.86163157677149,13.285809636113095,28.294513021591765,63.68289989274706,22.971165252997903,69.95921796028956,80.97668928022013,69.7164738205791,86.97050967925654,50.6964847734315,66.24558365732942,46.53831717911857,1.9389262317443914,0.0007422030251187447,inf,0.3875493109226227,0.4016321897506714,0.16521568596363068
2,85.8643207733299,88.47407612316871,41.89634689902641,34.1156791544812,19.720492198083573,70.8521298142321,37.21886865185983,42.920029867606154,44.4386095508654,74.37098560114907,78.32542902339338,83.15760910819755,16.996580971510262,52.47619567580162,1.0027400641250817,19.884401273387088,79.58476223693482,26.970344886063646,53.86163157677149,13.285809636113095,28.294513021591765,63.68289989274706,22.971165252997903,69.95921796028956,80.97668928022013,69.7164738205791,86.97050967925654,50.6964847734315,66.24558365732942,46.53831717911857,1.9389262317443914,0.0007422030251187447,inf,0.2980528771877289,0.30407461524009705,0.16483324766159058
