,mff,R,Zx11,Zx12,m1,b1,d1,gama1,Zx21,Zx22,m2,b2,d2,gama2,Zx31,Zx32,m3,b3,d3,gama3,cost,safety_factor,error,valid_flag
0,3.432710080250144,1.5406661570072173,16.019611139279725,50.00904800997513,0.7213110446929931,11.781160831451416,8.37214708328247,1.1537209571316485,31.94686627204615,66.74648987720549,0.6684422194957733,10.1133793592453,-5.260012149810791,-0.3762718926632207,34.3149177269752,61.494296290843366,0.6822968423366547,8.990057110786438,-6.395373344421387,-2.522354036410108,0.7303503587289076,25.389553189837503,0.17606851107457266,0.0
1,3.432710080250144,1.5406661570072173,16.019611139279725,50.00904800997513,0.7213110446929931,11.781160831451416,8.37214708328247,1.1537209571316485,31.94686627204615,66.74648987720549,0.6684422194957733,10.1133793592453,-5.260012149810791,-0.3762718926632207,34.3149177269752,61.494296290843366,0.6822968423366547,8.990057110786438,-6.395373344421387,-2.522354036410108,0.7303503587289076,25.389553189837503,0.17606851107457266,0.0
2,3.432710080250144,1.5406661570072173,16.019611139279725,50.00904800997513,0.7213110446929931,11.781160831451416,8.37214708328247,1.1537209571316485,31.94686627204615,66.74648987720549,0.6684422194957733,10.1133793592453,-5.260012149810791,-0.3762718926632207,34.3149177269752,61.494296290843366,0.6822968423366547,8.990057110786438,-6.395373344421387,-2.522354036410108,0.7303503587289076,25.389553189837503,0.17606851107457266,0.0
3,3.432710080250144,1.5406661570072173,16.019611139279725,50.00904800997513,0.7213110446929931,11.781160831451416,8.37214708328247,1.1537209571316485,31.94686627204615,66.74648987720549,0.6684422194957733,10.1133793592453,-5.260012149810791,-0.3762718926632207,34.3149177269752,61.494296290843366,0.6822968423366547,8.990057110786438,-6.395373344421387,-2.522354036410108,0.7303503587289076,25.389553189837503,0.17606851107457266,1.0
4,1.5010103561546801,1.2151166498661041,31.453545822374526,66.08144653621113,0.5661819100379943,10.719135403633118,-19.45509698241949,-0.09662300055295159,12.809995532182754,69.07181913535226,0.8002593219280243,8.127298653125763,3.257584571838379,2.6328330948092002,23.709232824333043,70.2590243671053,0.7654735207557678,12.409693598747253,20.543766021728516,-0.9253727867709283,0.5538369017049597,44.10581853596554,0.06977738192255473,1.0
