,mff,R,Zx11,Zx12,m1,b1,d1,gama1,Zx21,Zx22,m2,b2,d2,gama2,Zx31,Zx32,m3,b3,d3,gama3,cost,safety_factor,error,valid_flag
0,3.627923299473941,0.6051123797893524,25.256886927885354,62.528682845783294,0.7432429134845733,10.352115631103516,5.188899040222168,-0.4840647525885071,22.058468410587402,59.43708672024179,0.770720762014389,6.691987216472626,5.848026275634766,-0.2139118606876198,21.971924376426667,57.62858747906452,0.6662945568561554,9.990646541118622,-2.5931036472320557,-0.7715533875755352,0.7730445358403004,20.1083389539791,0.10758846362206352,0.0
1,3.627923299473941,0.6051123797893524,25.256886927885354,62.528682845783294,0.7432429134845733,10.352115631103516,5.188899040222168,-0.4840647525885071,22.058468410587402,59.43708672024179,0.770720762014389,6.691987216472626,5.848026275634766,-0.2139118606876198,21.971924376426667,57.62858747906452,0.6662945568561554,9.990646541118622,-2.5931036472320557,-0.7715533875755352,0.7730445358403004,20.1083389539791,0.10758846362206352,0.0
2,3.627923299473941,0.6051123797893524,25.256886927885354,62.528682845783294,0.7432429134845733,10.352115631103516,5.188899040222168,-0.4840647525885071,22.058468410587402,59.43708672024179,0.770720762014389,6.691987216472626,5.848026275634766,-0.2139118606876198,21.971924376426667,57.62858747906452,0.6662945568561554,9.990646541118622,-2.5931036472320557,-0.7715533875755352,0.7730445358403004,20.1083389539791,0.10758846362206352,0.0
3,2.1931347335016427,0.44388406723737717,32.36563228068823,62.48692764716965,0.6751729309558868,7.695491015911102,-17.269507944583893,-0.5786006254727849,35.00305094521713,80.0963619065314,0.7941701471805572,13.780423998832703,3.0803728103637695,3.113362688304141,14.147775489156427,75.85876249754853,0.9392074286937713,11.239178776741028,-7.299902439117432,2.69852499813494,0.6588364590927199,111.11163475101333,0.07562755293769209,1.0
4,2.1478063042853175,0.4608804158866405,32.66936609688014,62.98613573007077,0.6803175747394561,7.5962865352630615,-17.09838956594467,-0.516136598223897,35.322821748212576,80.57466503159428,0.8009097456932068,13.880548477172852,3.4737324714660645,3.1754188773992187,14.351147007611857,76.17672638949585,0.9438899040222168,11.331660747528076,-7.670612335205078,2.7497541890420845,0.6699198105971481,121.04346552824097,0.05678663546773491,1.0
