,mff,R,Zx11,Zx12,m1,b1,d1,gama1,Zx21,Zx22,m2,b2,d2,gama2,Zx31,Zx32,m3,b3,d3,gama3,cost,safety_factor,error,valid_flag
0,3.761847756941974,1.0664214581251144,30.882748873659196,55.54197964653862,0.5647182792425156,8.677152395248413,6.687729358673096,-0.047518388017309565,23.46164562809065,40.36286452954889,0.6190132051706314,13.968450427055359,-5.750094652175903,1.8439696178789617,28.936925265032592,51.49699797798631,0.7004596412181854,11.22037947177887,-2.051929235458374,-0.780267978870385,0.7351832205953097,30.25873902525297,0.1618954260260277,0.0
1,3.761847756941974,1.0664214581251144,30.882748873659196,55.54197964653862,0.5647182792425156,8.677152395248413,6.687729358673096,-0.047518388017309565,23.46164562809065,40.36286452954889,0.6190132051706314,13.968450427055359,-5.750094652175903,1.8439696178789617,28.936925265032592,51.49699797798631,0.7004596412181854,11.22037947177887,-2.051929235458374,-0.780267978870385,0.7351832205953097,30.25873902525297,0.1618954260260277,0.0
2,3.761847756941974,1.0664214581251144,30.882748873659196,55.54197964653862,0.5647182792425156,8.677152395248413,6.687729358673096,-0.047518388017309565,23.46164562809065,40.36286452954889,0.6190132051706314,13.968450427055359,-5.750094652175903,1.8439696178789617,28.936925265032592,51.49699797798631,0.7004596412181854,11.22037947177887,-2.051929235458374,-0.780267978870385,0.7351832205953097,30.25873902525297,0.1618954260260277,0.0
3,1.5364131238849164,0.4352943241596222,22.761705922180564,51.19057482654107,0.7782404601573943,7.724016904830933,7.2434306144714355,-2.302677248595848,16.8207347333242,74.30316248093897,0.693414294719696,11.212637424468994,3.4384632110595703,1.5455084887235095,37.997710275462154,69.6732326119479,0.7932205259799957,15.056500434875488,-11.282625198364258,2.7780867692534894,0.5892414763153052,41.00158450689034,0.06419837735763147,1.0
