,mff,R,Zx11,Zx12,m1,b1,d1,gama1,Zx21,Zx22,m2,b2,d2,gama2,Zx31,Zx32,m3,b3,d3,gama3,cost,safety_factor,error,valid_flag
0,2.1868872739090026,0.9357699275016784,17.08781407831049,46.87787776874116,0.6542840600013733,7.289379835128784,-6.840918064117432,0.5428490610309082,28.3570130974859,50.183566561955956,0.5512921750545501,12.687371969223022,-2.2908437252044678,0.5165212169419533,26.359343939942363,45.548807912170055,0.6966151356697082,7.146541178226471,-7.290492057800293,-2.0241584314434506,0.34948009574743477,50.11017031514969,0.24283547645336417,0.0
1,2.1868872739090026,0.9357699275016784,17.08781407831049,46.87787776874116,0.6542840600013733,7.289379835128784,-6.840918064117432,0.5428490610309082,28.3570130974859,50.183566561955956,0.5512921750545501,12.687371969223022,-2.2908437252044678,0.5165212169419533,26.359343939942363,45.548807912170055,0.6966151356697082,7.146541178226471,-7.290492057800293,-2.0241584314434506,0.34948009574743477,50.11017031514969,0.24283547645336417,0.0
2,2.1868872739090026,0.9357699275016784,17.08781407831049,46.87787776874116,0.6542840600013733,7.289379835128784,-6.840918064117432,0.5428490610309082,28.3570130974859,50.183566561955956,0.5512921750545501,12.687371969223022,-2.2908437252044678,0.5165212169419533,26.359343939942363,45.548807912170055,0.6966151356697082,7.146541178226471,-7.290492057800293,-2.0241584314434506,0.34948009574743477,50.11017031514969,0.24283547645336417,0.0
3,1.9303753091534375,1.4515330731868743,34.05156820212382,56.85250193872845,0.8715844273567199,6.931166499853134,-18.649256378412247,-2.443529388749995,20.040023458710195,65.96296889599806,0.9690742671489716,11.840032935142517,0.6048059463500977,2.970805089956528,19.617427494133118,80.53547849509687,0.9926373064517975,9.595703780651093,8.836643695831299,-1.1736593368109076,0.8489202926926321,129.94426896318797,0.11679177925023948,1.0
4,1.9823880999212264,1.7559211611747743,37.08241565684831,74.70937891555894,0.5506857901811599,7.353830486536026,-6.206914186477661,-2.263453442241158,26.122544707230034,76.58676997867715,0.542079284787178,10.307132601737976,-4.079567193984985,1.4035673289444661,15.482240951147006,81.62143892159176,1.0063562870025635,7.168361395597458,-18.24675664305687,-2.6560653106156686,0.6513084125568207,55.451677220386415,0.07442062088564981,1.0
