,mff,R,Zx11,Zx12,m1,b1,d1,gama1,Zx21,Zx22,m2,b2,d2,gama2,Zx31,Zx32,m3,b3,d3,gama3,cost,safety_factor,error,est_error,state_loss,error_loss
0,4.0974627563358625,1.9102078484842588,27.013402806106257,66.70666331275712,0.3822917298739884,11.4368133881711,-17.606874304168464,0.3697298736943808,24.139622663972624,55.01841362204148,0.4788644182190744,7.954089656542128,10.319283302476897,0.33360768305303656,28.890810122985958,54.081865698281916,0.7164187400874297,13.19503525411113,-11.088270204598665,-0.1467367431315174,0.23033146455136605,254.2097145001916,inf,0.1603098064661026,0.2528826892375946,0.28874215483665466
1,4.0974627563358625,1.9102078484842588,27.013402806106257,66.70666331275712,0.3822917298739884,11.4368133881711,-17.606874304168464,0.3697298736943808,24.139622663972624,55.01841362204148,0.4788644182190744,7.954089656542128,10.319283302476897,0.33360768305303656,28.890810122985958,54.081865698281916,0.7164187400874297,13.19503525411113,-11.088270204598665,-0.1467367431315174,0.23033146455136605,254.2097145001916,inf,0.10828220844268799,0.25634050369262695,0.22246044874191284
2,2.0232926732870937,0.451770493388176,38.33632377501232,57.284113170175615,0.3723630182445049,12.627246975898743,15.089268684387207,2.6858288353688,17.119608625351578,76.01234113356763,0.8079809188842773,5.9469980746507645,20.0,2.691977117252276,35.11763109605545,78.04563022820163,0.892901462316513,9.340493977069855,18.413240909576416,3.138086893297948,0.5932630484992726,84.01586370893922,0.11824152671988378,0.09839247912168503,0.22953134775161743,0.2044486403465271
3,1.3996438863023222,0.4928603991866112,39.54537677678019,73.55162666279304,0.9094061374664306,14.487186074256897,-13.552321195602417,-0.8092705521554042,30.208539300001682,73.54442528935712,0.42515324205160143,11.313170194625854,15.724906921386719,0.24602040801178227,11.575307765590965,72.97184466503657,0.8794838488101959,8.47273975610733,-11.45852506160736,2.876216598834775,0.6889247907446567,29.488192104349253,0.6267579909377486,0.09655536711215973,0.22248950600624084,0.22654715180397034
