,mff,R,Zx11,Zx12,m1,b1,d1,gama1,Zx21,Zx22,m2,b2,d2,gama2,Zx31,Zx32,m3,b3,d3,gama3,cost,safety_factor,error,est_error,state_loss,error_loss
0,3.695929999963584,1.362651183573052,10.319599672130636,62.93916275011135,0.6982030159395365,13.056681126928133,2.939386121352662,0.5925253417014837,30.063087763165772,60.5543014430295,0.37109192362510435,9.514738007914872,19.507408809310377,0.13274213375123978,18.87638170731836,38.96842876438647,0.6082154417967569,12.249825532029508,14.96879280640082,-2.2697457576585904,0.7291598576066287,3.798974870931136,inf,0.25655004382133484,0.31939953565597534,60.9279670715332
1,3.695929999963584,1.362651183573052,10.319599672130636,62.93916275011135,0.6982030159395365,13.056681126928133,2.939386121352662,0.5925253417014837,30.063087763165772,60.5543014430295,0.37109192362510435,9.514738007914872,19.507408809310377,0.13274213375123978,18.87638170731836,38.96842876438647,0.6082154417967569,12.249825532029508,14.96879280640082,-2.2697457576585904,0.7291598576066287,3.798974870931136,inf,0.14549097418785095,0.2369396984577179,60.6154670715332
2,2.1931347335016427,0.44388406723737717,32.36563228068823,62.48692764716965,0.6751729309558868,7.695491015911102,-17.269507944583893,-0.5786006254727849,35.00305094521713,80.0963619065314,0.7941701471805572,13.780423998832703,3.0803728103637695,3.113362688304141,14.147775489156427,75.85876249754853,0.9392074286937713,11.239178776741028,-7.299902439117432,2.69852499813494,0.6588364590927199,111.11163475101333,0.07562755293769209,0.08483279496431351,0.22360484302043915,59.676963806152344
