,mff,R,Zx11,Zx12,m1,b1,d1,gama1,Zx21,Zx22,m2,b2,d2,gama2,Zx31,Zx32,m3,b3,d3,gama3,cost,safety_factor,error,est_error,state_loss,error_loss
0,3.816632755193564,0.3296504700315153,35.73409370440617,75.50387208685012,0.8551535806919,12.893397345511186,-7.127209333114063,-1.9431234121892755,12.31109098322634,41.0918596922297,0.3593789150636052,7.9974606408613145,11.59420261168566,2.3826608219465593,14.70081524266954,32.388977922280446,0.8414450865700627,8.289497042840225,-14.419987233563312,2.6049598776247356,0.8617995915032788,5.889318834581385,inf,0.16451677680015564,0.2381136119365692,2.1396172046661377
1,3.816632755193564,0.3296504700315153,35.73409370440617,75.50387208685012,0.8551535806919,12.893397345511186,-7.127209333114063,-1.9431234121892755,12.31109098322634,41.0918596922297,0.3593789150636052,7.9974606408613145,11.59420261168566,2.3826608219465593,14.70081524266954,32.388977922280446,0.8414450865700627,8.289497042840225,-14.419987233563312,2.6049598776247356,0.8617995915032788,5.889318834581385,inf,0.12492261081933975,0.23217859864234924,2.0971381664276123
2,0.6035396367226019,1.7323311150074006,36.02621566238874,56.763231050719796,0.9266354620456696,6.031089127063751,-12.778167724609375,0.03790086027724682,14.478918381182478,30.859466174528936,0.8995060861110686,13.27005386352539,7.715482711791992,1.7122154237765006,11.705724631632627,79.52341346195513,0.7363802731037139,13.561193346977234,18.374550342559814,1.5848631852845871,0.43305302254283273,203.22490100701785,0.22419527976311088,0.12658485770225525,0.22056469321250916,2.0572712421417236
