,mff,R,Zx11,Zx12,m1,b1,d1,gama1,Zx21,Zx22,m2,b2,d2,gama2,Zx31,Zx32,m3,b3,d3,gama3,cost,safety_factor,error,est_error,state_loss,error_loss
0,3.4455302669399033,0.7653552913595542,20.50005337288628,45.00060337496801,0.8314275726597791,13.73754164361226,11.36497704348897,-1.9848696734106075,34.062221759854324,68.40534819511453,0.8351150450736811,11.070254677651741,19.172086874842726,-2.2789899353215017,10.707150226233631,80.22783525371008,0.7317251705461706,6.047744210991384,-2.8867379328287157,-2.390013988213558,0.8698264758203904,14.181976187044082,inf,0.16406852006912231,0.2376575469970703,0.2410067915916443
1,3.4455302669399033,0.7653552913595542,20.50005337288628,45.00060337496801,0.8314275726597791,13.73754164361226,11.36497704348897,-1.9848696734106075,34.062221759854324,68.40534819511453,0.8351150450736811,11.070254677651741,19.172086874842726,-2.2789899353215017,10.707150226233631,80.22783525371008,0.7317251705461706,6.047744210991384,-2.8867379328287157,-2.390013988213558,0.8698264758203904,14.181976187044082,inf,0.12534591555595398,0.22363486886024475,0.1597137153148651
