,mff,R,Zx11,Zx12,m1,b1,d1,gama1,Zx21,Zx22,m2,b2,d2,gama2,Zx31,Zx32,m3,b3,d3,gama3,cost,safety_factor,error,est_error,state_loss,error_loss
0,2.3121524569496343,1.041624209495246,19.93168702473863,70.65106232429952,0.9853409808295703,12.414318072734869,-0.809030530603966,2.6751369051518044,25.268201640825712,62.3035533484065,0.8094932536529498,14.735731169374324,11.682388946565517,0.7453130908396379,12.794286332007344,51.238232158940114,0.42767944636131583,8.26060066097809,18.639037874298204,2.916445620408541,0.6090601637121917,5.824957411321942,inf,0.17257705330848694,0.23549096286296844,0.12776976823806763
1,2.3121524569496343,1.041624209495246,19.93168702473863,70.65106232429952,0.9853409808295703,12.414318072734869,-0.809030530603966,2.6751369051518044,25.268201640825712,62.3035533484065,0.8094932536529498,14.735731169374324,11.682388946565517,0.7453130908396379,12.794286332007344,51.238232158940114,0.42767944636131583,8.26060066097809,18.639037874298204,2.916445620408541,0.6090601637121917,5.824957411321942,inf,0.11886768788099289,0.2068347930908203,0.05786355957388878
2,1.9303753091534375,1.4515330731868743,34.05156820212382,56.85250193872845,0.8715844273567199,6.931166499853134,-18.649256378412247,-2.443529388749995,20.040023458710195,65.96296889599806,0.9690742671489716,11.840032935142517,0.6048059463500977,2.970805089956528,19.617427494133118,80.53547849509687,0.9926373064517975,9.595703780651093,8.836643695831299,-1.1736593368109076,0.8489202926926321,129.94426896318797,0.11679177925023948,0.10660158842802048,0.19655801355838776,0.046700991690158844
