,BPR,PR_fan,PR_LC,PR_HC,T4,eta_fan,eta_LC,eta_HC,eta_B,eta_HT,eta_LT,thrust,TSFC,error,valid_flag
0,5.489124804735184,1.961217737197876,1.7285802841186522,10.020533978939056,1444.4880366325378,0.8975835353136062,0.8681588035821914,0.8571385198831558,0.9872565296292305,0.9200498139858245,0.9530808103084564,145.5841326609751,8.814811469738883,0.18642578838226861,0.0
1,5.489124804735184,1.961217737197876,1.7285802841186522,10.020533978939056,1444.4880366325378,0.8975835353136062,0.8681588035821914,0.8571385198831558,0.9872565296292305,0.9200498139858245,0.9530808103084564,145.5841326609751,8.814811469738883,0.18642578838226861,0.0
2,5.481440007686615,1.6150883197784425,1.62630295753479,14.730835795402527,1490.643072128296,0.9202829957008362,0.9073968303203583,0.9366276168823242,0.9927911901473999,0.937743124961853,0.9562804055213928,126.73111568493137,8.620504598407315,0.1286973329176376,1.0
3,5.5497687458992,1.4839764177799226,1.384829843044281,14.061493456363678,1747.6370215415955,0.8703870251774788,0.9194536519050599,0.9065959894657134,0.9605745594203472,0.9205532646179199,0.9261109900474548,125.95087091182576,11.686280575804437,0.0524143931915283,1.0
