,BPR,PR_fan,PR_LC,PR_HC,T4,eta_fan,eta_LC,eta_HC,eta_B,eta_HT,eta_LT,thrust,TSFC,error,valid_flag
0,5.33797562122345,2.0759164333343505,1.6622238636016846,12.455948114395142,1631.2231600284576,0.9338021457195281,0.8719508242607117,0.8942361736297607,0.960061959773302,0.906346440911293,0.9249891889095306,155.32362290884956,9.098496994966478,0.20378850022567452,0.0
1,5.33797562122345,2.0759164333343505,1.6622238636016846,12.455948114395142,1631.2231600284576,0.9338021457195281,0.8719508242607117,0.8942361736297607,0.960061959773302,0.906346440911293,0.9249891889095306,155.32362290884956,9.098496994966478,0.20378850022567452,0.0
2,5.33797562122345,2.0759164333343505,1.6622238636016846,12.455948114395142,1631.2231600284576,0.9338021457195281,0.8719508242607117,0.8942361736297607,0.960061959773302,0.906346440911293,0.9249891889095306,155.32362290884956,9.098496994966478,0.20378850022567452,0.0
3,5.994066834449768,1.5887796938419343,1.2581034064292906,12.020704507827759,1782.4491441249847,0.8699769333004951,0.8932733607292176,0.850866679996252,0.9663604061305523,0.8961101508140563,0.9502043378353119,127.57188005436514,11.322338531327738,0.03948310134785803,1.0
