,BPR,PR_fan,PR_LC,PR_HC,T4,eta_fan,eta_LC,eta_HC,eta_B,eta_HT,eta_LT,thrust,TSFC,error,valid_flag
0,5.5619354248046875,1.9595416069030762,1.339971661567688,11.628346562385559,1546.2844401597977,0.8898808926343917,0.8580726873874664,0.8580280536413193,0.9643942718207836,0.9305035150051116,0.9099723500013351,137.76448079032457,9.21175678742203,0.13924838108929993,0.0
1,5.5619354248046875,1.9595416069030762,1.339971661567688,11.628346562385559,1546.2844401597977,0.8898808926343917,0.8580726873874664,0.8580280536413193,0.9643942718207836,0.9305035150051116,0.9099723500013351,137.76448079032457,9.21175678742203,0.13924838108929993,0.0
2,5.9211907386779785,1.564168119430542,1.974765682220459,13.161447823047638,1744.223701953888,0.9329844892024993,0.8650552821159363,0.8727990531921387,0.9638664412498473,0.9444624519348144,0.9597761166095733,125.69733571228174,9.637555314720748,0.09770629131473134,1.0
3,5.684112131595612,1.4141994565725327,1.761731195449829,13.573829174041748,1755.6551575660706,0.8619098208844661,0.8456551891565323,0.8769441270828247,0.9701705792546272,0.8801794877648353,0.9338840675354003,118.63618987966818,11.230922958437727,0.05893373760964006,1.0
