,BPR,PR_fan,PR_LC,PR_HC,T4,eta_fan,eta_LC,eta_HC,eta_B,eta_HT,eta_LT,thrust,TSFC,error,valid_flag
0,5.187234818935394,1.9388095617294312,1.4090750455856322,12.134191751480103,1379.0357291698456,0.8912302941083907,0.8941459548473358,0.8922795975208282,0.9637492810189724,0.8983964657783508,0.9182900470495223,130.5049291312952,9.97188446516904,0.08426087496738499,0.0
1,5.187234818935394,1.9388095617294312,1.4090750455856322,12.134191751480103,1379.0357291698456,0.8912302941083907,0.8941459548473358,0.8922795975208282,0.9637492810189724,0.8983964657783508,0.9182900470495223,130.5049291312952,9.97188446516904,0.08426087496738499,0.0
2,5.814577698707581,1.4121395826339722,1.7851942062377928,13.716545224189758,1758.0003023147583,0.9433591306209563,0.8984280598163605,0.9280216300487518,0.9612617293000221,0.9252304053306579,0.939728946685791,121.3000738921681,11.390467223389102,0.054632992230157565,1.0
