,BPR,PR_fan,PR_LC,PR_HC,T4,eta_fan,eta_LC,eta_HC,eta_B,eta_HT,eta_LT,thrust,TSFC,error,valid_flag
0,5.2758840918540955,1.3896731585264206,1.3518678665161132,9.763566106557846,1372.643294930458,0.9251499354839324,0.8590767067670821,0.8743169152736664,0.974187761247158,0.9045005744695663,0.9109028500318527,105.92171196901447,9.87805311117841,0.15124495004912913,0.0
1,5.2758840918540955,1.3896731585264206,1.3518678665161132,9.763566106557846,1372.643294930458,0.9251499354839324,0.8590767067670821,0.8743169152736664,0.974187761247158,0.9045005744695663,0.9109028500318527,105.92171196901447,9.87805311117841,0.15124495004912913,0.0
2,5.2758840918540955,1.3896731585264206,1.3518678665161132,9.763566106557846,1372.643294930458,0.9251499354839324,0.8590767067670821,0.8743169152736664,0.974187761247158,0.9045005744695663,0.9109028500318527,105.92171196901447,9.87805311117841,0.15124495004912913,0.0
3,5.671254813671112,1.557472825050354,1.5455532789230346,8.25532415881753,1622.3234117031097,0.8527028940618038,0.9083045434951782,0.9077994310855865,0.9499152499012415,0.9138751482963562,0.8977485311031341,121.81356405972014,11.431672178539877,0.05791809165520707,1.0
