,BPR,PR_fan,PR_LC,PR_HC,T4,eta_fan,eta_LC,eta_HC,eta_B,eta_HT,eta_LT,thrust,TSFC,error,valid_flag
0,5.192098528146744,2.139089894294739,1.81481990814209,10.153609037399292,1503.313872218132,0.8814483076334,0.8640499275922775,0.9081383728981017,0.9829436931014061,0.9287783420085907,0.9398707282543182,154.92024739065582,9.232895963356043,0.20156459654736344,0.0
1,5.192098528146744,2.139089894294739,1.81481990814209,10.153609037399292,1503.313872218132,0.8814483076334,0.8640499275922775,0.9081383728981017,0.9829436931014061,0.9287783420085907,0.9398707282543182,154.92024739065582,9.232895963356043,0.20156459654736344,0.0
2,5.834234893321991,2.105792236328125,1.5549622535705567,10.662935614585876,1793.6032593250275,0.881393426656723,0.8671975088119507,0.910336091518402,0.9925496223568916,0.9411032652854919,0.9265303325653076,150.38521637892242,8.957202017081173,0.19912185805889593,1.0
3,5.146793112158775,1.4437240421772004,1.5580443143844604,8.194500094279647,1463.1061881780624,0.8969206541776656,0.8242536001652478,0.8754992896318435,0.965192760080099,0.9032165652513504,0.9024263393878936,112.73250897168658,10.782885097686007,0.08745106637232412,1.0
4,5.519836187362671,1.3934318542480468,1.6070955753326417,13.035326361656189,1699.901568889618,0.879488405585289,0.8565632623434066,0.9021274530887603,0.9791955661773681,0.874291362464428,0.8994318825006485,118.01797500685979,11.482673745078234,0.0675494099241908,1.0
