,BPR,PR_fan,PR_LC,PR_HC,T4,eta_fan,eta_LC,eta_HC,eta_B,eta_HT,eta_LT,thrust,TSFC,error,valid_flag
0,5.719307005405426,2.136260986328125,1.7661904335021972,10.060039639472961,1579.9095213413239,0.9098528325557709,0.8633738797903061,0.9088645124435424,0.977645209133625,0.8986284470558166,0.924184103012085,148.6966622728048,8.996637239529704,0.18363372897488583,0.0
1,5.719307005405426,2.136260986328125,1.7661904335021972,10.060039639472961,1579.9095213413239,0.9098528325557709,0.8633738797903061,0.9088645124435424,0.977645209133625,0.8986284470558166,0.924184103012085,148.6966622728048,8.996637239529704,0.18363372897488583,0.0
2,5.719307005405426,2.136260986328125,1.7661904335021972,10.060039639472961,1579.9095213413239,0.9098528325557709,0.8633738797903061,0.9088645124435424,0.977645209133625,0.8986284470558166,0.924184103012085,148.6966622728048,8.996637239529704,0.18363372897488583,0.0
3,5.279436141252518,2.124826693534851,1.5956691265106202,8.557953618466854,1457.8521132469177,0.8532522596418858,0.9194196355342865,0.9033418977260589,0.9758471688628196,0.8703570729494094,0.8799715046584606,125.1952192039566,10.633424693172003,0.06168362122714534,1.0
