,BPR,PR_fan,PR_LC,PR_HC,T4,eta_fan,eta_LC,eta_HC,eta_B,eta_HT,eta_LT,thrust,TSFC,error,valid_flag
0,5.372834920883179,2.1997752666473387,1.7693073272705078,10.873431295156479,1500.6641775369644,0.8624010749161243,0.8876941633224488,0.9009268188476562,0.9849481239914895,0.9070991045236587,0.9154381853342056,155.36919847500627,9.491597016222759,0.19228721509692806,0.0
1,5.372834920883179,2.1997752666473387,1.7693073272705078,10.873431295156479,1500.6641775369644,0.8624010749161243,0.8876941633224488,0.9009268188476562,0.9849481239914895,0.9070991045236587,0.9154381853342056,155.36919847500627,9.491597016222759,0.19228721509692806,0.0
2,5.904642939567566,1.8536372661590577,1.684754228591919,14.243494033813477,1677.543181180954,0.9217555999755859,0.8807469499111176,0.8953409397602081,0.9894177785515785,0.8755486404895783,0.9648105573654174,137.6916334103631,8.99282470277361,0.15434332328600878,1.0
3,5.4305503368377686,1.4891800105571746,1.7952275753021238,8.041675246786326,1641.8094515800476,0.8815539121627808,0.8769573879241943,0.8616917499899864,0.9730576419830322,0.9237683987617492,0.9579542708396911,122.66531795580723,11.24608803031335,0.04291570545935827,1.0
