,BPR,PR_fan,PR_LC,PR_HC,T4,eta_fan,eta_LC,eta_HC,eta_B,eta_HT,eta_LT,thrust,TSFC,error,valid_flag
0,5.359640955924988,1.7134842276573181,1.750279140472412,12.825906097888947,1589.9366617202759,0.9185647904872893,0.863266835808754,0.890534826517105,0.9559647084772587,0.8947308725118637,0.8988671135902405,128.1378800586114,9.668138789326981,0.08774847725388348,0.0
1,5.359640955924988,1.7134842276573181,1.750279140472412,12.825906097888947,1589.9366617202759,0.9185647904872893,0.863266835808754,0.890534826517105,0.9559647084772587,0.8947308725118637,0.8988671135902405,128.1378800586114,9.668138789326981,0.08774847725388348,0.0
2,5.359640955924988,1.7134842276573181,1.750279140472412,12.825906097888947,1589.9366617202759,0.9185647904872893,0.863266835808754,0.890534826517105,0.9559647084772587,0.8947308725118637,0.8988671135902405,128.1378800586114,9.668138789326981,0.08774847725388348,1.0
3,5.132913500070572,1.6340307235717773,1.4677669286727906,13.05694317817688,1679.344880580902,0.8571885086596012,0.8589624804258347,0.8574473196268081,0.9728911250829696,0.9391330754756927,0.8764456701278687,128.38719865118756,10.42761229596048,0.06659389276713179,1.0
