,BPR,PR_fan,PR_LC,PR_HC,T4,eta_fan,eta_LC,eta_HC,eta_B,eta_HT,eta_LT,thrust,TSFC,error,valid_flag
0,5.229764461517334,1.4231188029050827,1.588772463798523,12.793770015239716,1624.805349111557,0.9025237321853637,0.8864353668689728,0.8806895667314529,0.9838120475411415,0.9018439179658889,0.9099043500423432,119.34596509753084,10.754403763414043,0.06826281329918082,0.0
