,BPR,PR_fan,PR_LC,PR_HC,T4,eta_fan,eta_LC,eta_HC,eta_B,eta_HT,eta_LT,thrust,TSFC,error,valid_flag
0,5.3017358481884,2.1846895933151247,1.5255279302597047,12.021137595176697,1717.500764131546,0.9009253740310669,0.8795400393009186,0.8793015265464782,0.9731339105963707,0.9006164735555648,0.8995857459306716,151.84530019288894,9.554324934670268,0.1756595916100374,0.0
1,5.3017358481884,2.1846895933151247,1.5255279302597047,12.021137595176697,1717.500764131546,0.9009253740310669,0.8795400393009186,0.8793015265464782,0.9731339105963707,0.9006164735555648,0.8995857459306716,151.84530019288894,9.554324934670268,0.1756595916100374,0.0
2,5.361686944961548,1.8725089311599732,1.4078155994415282,14.413988173007965,1696.8155980110168,0.9127661883831024,0.9048428785800934,0.9274036312103271,0.9766766259074211,0.9523819303512573,0.9483768832683563,140.66566765331712,9.34008096985769,0.15138386767612752,1.0
3,5.86606228351593,1.5014644205570222,1.305908191204071,9.280657857656479,1669.4015145301819,0.9146005392074584,0.872537602186203,0.9364854776859283,0.9746906378865242,0.8950697517395019,0.9246473622322082,123.48941435754878,11.689246280179344,0.06026762513050546,1.0
