,BPR,PR_fan,PR_LC,PR_HC,T4,eta_fan,eta_LC,eta_HC,eta_B,eta_HT,eta_LT,thrust,TSFC,error,valid_flag
0,5.380290061235428,2.0356016874313356,1.508327579498291,12.810079634189606,1665.898609161377,0.9367345035076141,0.8626124483346939,0.9124432528018951,0.9690800024569034,0.933427802324295,0.9180131775140762,152.3472429250503,8.726756051622589,0.20855736664369892,0.0
1,5.380290061235428,2.0356016874313356,1.508327579498291,12.810079634189606,1665.898609161377,0.9367345035076141,0.8626124483346939,0.9124432528018951,0.9690800024569034,0.933427802324295,0.9180131775140762,152.3472429250503,8.726756051622589,0.20855736664369892,0.0
2,5.865771174430847,1.715349793434143,1.2173627376556395,13.574482142925262,1743.2503879070282,0.9456563770771026,0.8295682144165039,0.9399762654304504,0.9675181910395622,0.8658827579021454,0.9613046300411224,135.0909809371257,10.539093607365636,0.09881925608455872,1.0
3,5.865771174430847,1.715349793434143,1.2173627376556395,13.574482142925262,1743.2503879070282,0.9456563770771026,0.8295682144165039,0.9399762654304504,0.9675181910395622,0.8658827579021454,0.9613046300411224,135.0909809371257,10.539093607365636,0.09881925608455872,1.0
4,5.990890085697174,1.8420928597450257,1.2777665019035338,10.069306164979935,1797.3331987857819,0.8878334075212478,0.9144428205490113,0.8624325001239777,0.9927631798386574,0.8643188869953156,0.8725275247171521,131.83658952912785,10.956771727409741,0.06944649612408703,1.0
