,BPR,PR_fan,PR_LC,PR_HC,T4,eta_fan,eta_LC,eta_HC,eta_B,eta_HT,eta_LT,thrust,TSFC,error,valid_flag
0,5.5980435609817505,1.883451020717621,1.74081130027771,10.886203199625015,1754.3755650520325,0.9223792374134063,0.8442135524749755,0.9079366707801818,0.9736730667948723,0.9366333699226379,0.9242817592620849,139.79111923183802,9.686790009736622,0.13027941832936007,0.0
1,5.5980435609817505,1.883451020717621,1.74081130027771,10.886203199625015,1754.3755650520325,0.9223792374134063,0.8442135524749755,0.9079366707801818,0.9736730667948723,0.9366333699226379,0.9242817592620849,139.79111923183802,9.686790009736622,0.13027941832936007,0.0
2,5.5980435609817505,1.883451020717621,1.74081130027771,10.886203199625015,1754.3755650520325,0.9223792374134063,0.8442135524749755,0.9079366707801818,0.9736730667948723,0.9366333699226379,0.9242817592620849,139.79111923183802,9.686790009736622,0.13027941832936007,0.0
3,5.2583045065402985,1.4805018484592438,1.7789193153381349,11.645227372646332,1692.8705751895905,0.8590820908546447,0.8763347399234772,0.9351775252819061,0.9949089604616165,0.8658822304010391,0.887691795527935,125.12025725015916,11.023392871885669,0.04901255100435546,1.0
