,BPR,PR_fan,PR_LC,PR_HC,T4,eta_fan,eta_LC,eta_HC,eta_B,eta_HT,eta_LT,thrust,TSFC,error,valid_flag
0,5.731996417045593,1.9353260517120363,1.506706142425537,13.795430123806,1570.8988785743713,0.8738329917192459,0.855449343919754,0.8730478578805924,0.9659105017781258,0.9054585999250412,0.9026698452234269,133.30316869458653,10.075125439681507,0.09100456536061322,0.0
1,5.731996417045593,1.9353260517120363,1.506706142425537,13.795430123806,1570.8988785743713,0.8738329917192459,0.855449343919754,0.8730478578805924,0.9659105017781258,0.9054585999250412,0.9026698452234269,133.30316869458653,10.075125439681507,0.09100456536061322,0.0
2,5.731996417045593,1.9353260517120363,1.506706142425537,13.795430123806,1570.8988785743713,0.8738329917192459,0.855449343919754,0.8730478578805924,0.9659105017781258,0.9054585999250412,0.9026698452234269,133.30316869458653,10.075125439681507,0.09100456536061322,0.0
3,5.731996417045593,1.9353260517120363,1.506706142425537,13.795430123806,1570.8988785743713,0.8738329917192459,0.855449343919754,0.8730478578805924,0.9659105017781258,0.9054585999250412,0.9026698452234269,133.30316869458653,10.075125439681507,0.09100456536061322,1.0
4,5.090785212814808,1.5291653275489807,1.9237753868103027,11.912670910358429,1755.3242623806,0.9160966098308563,0.9144368362426758,0.8896824502944946,0.9620025862753391,0.892838436961174,0.9623230826854705,131.4717620075372,11.393955851919909,0.056082984430213444,1.0
