,BPR,PR_fan,PR_LC,PR_HC,T4,eta_fan,eta_LC,eta_HC,eta_B,eta_HT,eta_LT,thrust,TSFC,error,valid_flag
0,5.5723941922187805,2.0888657093048097,1.4008392810821533,12.12718641757965,1559.534478187561,0.9317923963069915,0.8912409853935241,0.8681775236129761,0.9776268386840821,0.8939562088251114,0.9198172670602798,146.12102937913212,8.968793152588296,0.1794316692312722,0.0
1,5.5723941922187805,2.0888657093048097,1.4008392810821533,12.12718641757965,1559.534478187561,0.9317923963069915,0.8912409853935241,0.8681775236129761,0.9776268386840821,0.8939562088251114,0.9198172670602798,146.12102937913212,8.968793152588296,0.1794316692312722,0.0
2,5.663384675979614,1.3184410810470581,1.801799201965332,12.371607482433319,1691.7618989944458,0.931630676984787,0.9150611114501953,0.8401421451568604,0.9726756551861763,0.943248108625412,0.969887591600418,112.34790072214432,11.460234944898192,0.09671583351797122,1.0
3,5.428024381399155,1.4115401178598403,1.8097268104553224,9.92153137922287,1688.2867395877838,0.8599750690162181,0.8719781470298767,0.8629217082262038,0.9905666679143905,0.8647879174351693,0.9084277254343033,118.5093484756242,11.49454296355957,0.07216109622752108,1.0
