,BPR,PR_fan,PR_LC,PR_HC,T4,eta_fan,eta_LC,eta_HC,eta_B,eta_HT,eta_LT,thrust,TSFC,error,valid_flag
0,5.8624958992004395,1.9874734163284302,1.5398881673812865,9.623795092105865,1753.2495141029358,0.9016925811767578,0.8472741943597794,0.8972161316871643,0.9822385188937187,0.9259447133541107,0.8917064172029495,144.6254160813898,9.364996013402074,0.16504016965376167,0.0
1,5.8624958992004395,1.9874734163284302,1.5398881673812865,9.623795092105865,1753.2495141029358,0.9016925811767578,0.8472741943597794,0.8972161316871643,0.9822385188937187,0.9259447133541107,0.8917064172029495,144.6254160813898,9.364996013402074,0.16504016965376167,0.0
2,5.8624958992004395,1.9874734163284302,1.5398881673812865,9.623795092105865,1753.2495141029358,0.9016925811767578,0.8472741943597794,0.8972161316871643,0.9822385188937187,0.9259447133541107,0.8917064172029495,144.6254160813898,9.364996013402074,0.16504016965376167,0.0
3,5.866168200969696,1.362742903828621,1.3649265050888062,13.816102743148804,1671.768206357956,0.9422626435756682,0.8279898439347744,0.9079853975772857,0.9811114546656609,0.9358091986179351,0.8862778213620186,114.97945214952864,11.325737330438608,0.08181947896879016,1.0
4,6.00739586353302,1.6422552704811095,1.3902156829833985,12.546351134777069,1797.9698359966278,0.9111159801483154,0.8832372975349426,0.8552716904878616,0.9544819598644971,0.9228785669803619,0.939162505865097,130.5917275174649,10.92431243104099,0.05773990438505657,1.0
