,BPR,PR_fan,PR_LC,PR_HC,T4,eta_fan,eta_LC,eta_HC,eta_B,eta_HT,eta_LT,thrust,TSFC,error,valid_flag
0,5.643725872039795,1.9706589698791506,1.6111173629760742,11.486500233411789,1546.1134046316147,0.9016959011554717,0.8683565121889114,0.8762144231796264,0.9729274529218673,0.9039621597528458,0.9364643228054046,144.64092872325193,8.965147692012838,0.16545392552715996,0.0
1,5.643725872039795,1.9706589698791506,1.6111173629760742,11.486500233411789,1546.1134046316147,0.9016959011554717,0.8683565121889114,0.8762144231796264,0.9729274529218673,0.9039621597528458,0.9364643228054046,144.64092872325193,8.965147692012838,0.16545392552715996,0.0
2,5.643725872039795,1.9706589698791506,1.6111173629760742,11.486500233411789,1546.1134046316147,0.9016959011554717,0.8683565121889114,0.8762144231796264,0.9729274529218673,0.9039621597528458,0.9364643228054046,144.64092872325193,8.965147692012838,0.16545392552715996,0.0
3,5.169747248291969,1.4436755031347275,1.978125,14.410466313362122,1737.720537185669,0.9013985693454742,0.8585692834854126,0.9393923842906952,0.9948460787534714,0.9493760800361633,0.8739157405495643,126.33536201395184,10.710250161238442,0.06113666876259642,1.0
