,BPR,PR_fan,PR_LC,PR_HC,T4,eta_fan,eta_LC,eta_HC,eta_B,eta_HT,eta_LT,thrust,TSFC,error,valid_flag
0,5.563748002052307,2.1000425100326536,1.6141281127929688,11.59530758857727,1572.0040678977966,0.913174021244049,0.885636694431305,0.9120569550991058,0.9833493101596832,0.9396969532966614,0.8923215818405151,149.26683639674027,8.924898631942785,0.1894565515065962,0.0
1,5.563748002052307,2.1000425100326536,1.6141281127929688,11.59530758857727,1572.0040678977966,0.913174021244049,0.885636694431305,0.9120569550991058,0.9833493101596832,0.9396969532966614,0.8923215818405151,149.26683639674027,8.924898631942785,0.1894565515065962,0.0
2,5.2573447823524475,1.6534321069717408,1.8188880920410155,13.00084000825882,1686.7734968662262,0.9142271995544433,0.9176237714290619,0.8554216766357422,0.9944691962003708,0.945912698507309,0.8997172248363495,130.67374104778952,9.327557147705974,0.12212101592862365,1.0
3,5.292254030704498,1.6266366600990296,1.3993350982666015,8.440978936851025,1616.4332807064056,0.9276342868804931,0.8683916878700256,0.8478071050345898,0.9620757448673248,0.9424957430362702,0.8946151983737946,127.51846688228589,11.197351923917894,0.02890016891188421,1.0
