,BPR,PR_fan,PR_LC,PR_HC,T4,eta_fan,eta_LC,eta_HC,eta_B,eta_HT,eta_LT,thrust,TSFC,error,valid_flag
0,5.578796863555908,1.8355893969535828,1.3069766759872437,11.707998752593994,1585.592943429947,0.9261951982975005,0.8780681920051575,0.8823173338174819,0.9783855953812599,0.9021592265367507,0.9002803456783295,123.99997206301182,9.509580590638109,0.09838359109245383,0.0
1,5.578796863555908,1.8355893969535828,1.3069766759872437,11.707998752593994,1585.592943429947,0.9261951982975005,0.8780681920051575,0.8823173338174819,0.9783855953812599,0.9021592265367507,0.9002803456783295,123.99997206301182,9.509580590638109,0.09838359109245383,0.0
2,5.798920810222626,1.3823800802230835,1.699755573272705,14.962014734745026,1793.6515986919403,0.867061299085617,0.9133748304843903,0.8977605545520781,0.9575728175044059,0.9041943347454071,0.9649956655502319,119.00318986668042,11.834292717868584,0.09022516411780591,1.0
3,5.229825749993324,1.6307818174362183,1.7578544616699219,10.015803188085556,1694.8214650154114,0.868252968788147,0.8325084713101387,0.8549566799402236,0.9658067753911018,0.8793372011184692,0.9538673830032348,128.82724435078129,10.716625914079014,0.05537499581587626,1.0
