,BPR,PR_fan,PR_LC,PR_HC,T4,eta_fan,eta_LC,eta_HC,eta_B,eta_HT,eta_LT,thrust,TSFC,error,valid_flag
0,5.344785094261169,1.5808879017829895,1.627480936050415,9.612496018409729,1556.4074993133545,0.9078929483890533,0.8714645099639893,0.8589601242542266,0.9668901893496513,0.9104724621772766,0.9085471194982528,120.7687620304197,10.044852980334083,0.08648751285015546,0.0
1,5.344785094261169,1.5808879017829895,1.627480936050415,9.612496018409729,1556.4074993133545,0.9078929483890533,0.8714645099639893,0.8589601242542266,0.9668901893496513,0.9104724621772766,0.9085471194982528,120.7687620304197,10.044852980334083,0.08648751285015546,0.0
2,5.344785094261169,1.5808879017829895,1.627480936050415,9.612496018409729,1556.4074993133545,0.9078929483890533,0.8714645099639893,0.8589601242542266,0.9668901893496513,0.9104724621772766,0.9085471194982528,120.7687620304197,10.044852980334083,0.08648751285015546,0.0
3,5.408931016921997,1.4614653885364532,1.7351906299591064,12.007043063640594,1687.3079121112823,0.9454589426517486,0.8711677265167236,0.9338483297824859,0.9661425490677357,0.9367432153224945,0.9283216607570648,124.98947767610528,11.16277055342184,0.03373757450555458,1.0
