,BPR,PR_fan,PR_LC,PR_HC,T4,eta_fan,eta_LC,eta_HC,eta_B,eta_HT,eta_LT,thrust,TSFC,error,valid_flag
0,5.406839281320572,2.1241618633270263,1.6393727779388427,12.736020028591156,1704.3971598148346,0.8941910654306411,0.8519931715726852,0.8823770576715468,0.9853262296319008,0.9281941092014312,0.9342789423465728,160.04801504896304,9.040523026666868,0.2208904830414185,0.0
1,5.406839281320572,2.1241618633270263,1.6393727779388427,12.736020028591156,1704.3971598148346,0.8941910654306411,0.8519931715726852,0.8823770576715468,0.9853262296319008,0.9281941092014312,0.9342789423465728,160.04801504896304,9.040523026666868,0.2208904830414185,0.0
2,5.822800040245056,1.8036481142044067,1.3101260185241699,11.988171219825745,1758.3068192005157,0.9236511588096619,0.9147522699832916,0.9350372695922851,0.9899509963393212,0.9214000380039215,0.9515901756286621,140.27208915678983,10.122503509595271,0.12155009252833615,1.0
3,5.816730618476868,1.3191661313176155,1.828371238708496,11.256638705730438,1685.5207562446594,0.8745575711131096,0.8387840029597282,0.8509940402209758,0.9714225848019122,0.9511856591701507,0.9226509582996368,110.08767087949491,11.488343583160416,0.10337753473334627,1.0
4,5.504913508892059,1.6337647199630738,1.3172928929328918,9.028452903032303,1681.6712498664856,0.9146864771842956,0.9013557386398315,0.8751989537477493,0.9913715827465057,0.885761964917183,0.9505319607257843,131.38379670029602,11.104467940274972,0.05049790648093164,1.0
