,BPR,PR_fan,PR_LC,PR_HC,T4,eta_fan,eta_LC,eta_HC,eta_B,eta_HT,eta_LT,thrust,TSFC,error,valid_flag
0,5.467945426702499,1.6206607341766357,1.4135124444961549,12.304134726524353,1508.528384566307,0.917266422510147,0.8805687737464905,0.8534464114904403,0.9742347267270088,0.9513567423820495,0.9343742561340331,120.24647039423951,8.904879012442816,0.14048499418282429,0.0
1,5.467945426702499,1.6206607341766357,1.4135124444961549,12.304134726524353,1508.528384566307,0.917266422510147,0.8805687737464905,0.8534464114904403,0.9742347267270088,0.9513567423820495,0.9343742561340331,120.24647039423951,8.904879012442816,0.14048499418282429,0.0
2,5.467945426702499,1.6206607341766357,1.4135124444961549,12.304134726524353,1508.528384566307,0.917266422510147,0.8805687737464905,0.8534464114904403,0.9742347267270088,0.9513567423820495,0.9343742561340331,120.24647039423951,8.904879012442816,0.14048499418282429,0.0
3,5.635882318019867,1.4636036813259126,1.292096608877182,11.185088753700256,1681.0120522975922,0.8664138585329055,0.8282035042345524,0.8752690517902374,0.9646316727995872,0.8803085452318191,0.9455057513713836,120.42581133346289,11.827205007364835,0.07519858369866994,1.0
4,5.635882318019867,1.4636036813259126,1.292096608877182,11.185088753700256,1681.0120522975922,0.8664138585329055,0.8282035042345524,0.8752690517902374,0.9646316727995872,0.8803085452318191,0.9455057513713836,120.42581133346289,11.827205007364835,0.07519858369866994,1.0
5,5.810320198535919,1.4771106600761414,1.715162754058838,9.411575719714165,1806.1102509498596,0.9516385912895202,0.907254798412323,0.8593088501691818,0.9750005832314491,0.961545226573944,0.8942496445775032,126.50659883496506,12.013567755822633,0.0699688193290976,1.0
