,BPR,PR_fan,PR_LC,PR_HC,T4,eta_fan,eta_LC,eta_HC,eta_B,eta_HT,eta_LT,thrust,TSFC,error,valid_flag
0,5.335472494363785,1.8691588521003724,1.3338826894760132,13.108297407627106,1391.019719839096,0.9196644246578216,0.8719118189811706,0.889766781926155,0.9740055668354034,0.9254526948928833,0.9112005871534348,128.9685220877687,9.449400692225744,0.09973687290430382,0.0
1,5.335472494363785,1.8691588521003724,1.3338826894760132,13.108297407627106,1391.019719839096,0.9196644246578216,0.8719118189811706,0.889766781926155,0.9740055668354034,0.9254526948928833,0.9112005871534348,128.9685220877687,9.449400692225744,0.09973687290430382,0.0
2,5.778139233589172,1.4291296243667604,1.5277958869934083,13.580960512161255,1788.2918894290924,0.9435242772102356,0.8402414095401763,0.9357044780254363,0.9734879702329635,0.9491280055046081,0.9386126351356506,124.78767975831215,11.811595639093094,0.06285465578371265,1.0
