,BPR,PR_fan,PR_LC,PR_HC,T4,eta_fan,eta_LC,eta_HC,eta_B,eta_HT,eta_LT,thrust,TSFC,error,valid_flag
0,5.172457605600357,1.9811483383178712,1.617650032043457,10.708662003278732,1575.2038538455963,0.9221488773822784,0.8794600796699524,0.9253513538837432,0.9682225646078586,0.9334864890575408,0.9115691465139388,144.20038540862365,8.91200856752867,0.17604977441745995,0.0
1,5.172457605600357,1.9811483383178712,1.617650032043457,10.708662003278732,1575.2038538455963,0.9221488773822784,0.8794600796699524,0.9253513538837432,0.9682225646078586,0.9334864890575408,0.9115691465139388,144.20038540862365,8.91200856752867,0.17604977441745995,0.0
2,5.172457605600357,1.9811483383178712,1.617650032043457,10.708662003278732,1575.2038538455963,0.9221488773822784,0.8794600796699524,0.9253513538837432,0.9682225646078586,0.9334864890575408,0.9115691465139388,144.20038540862365,8.91200856752867,0.17604977441745995,0.0
3,5.078475706279278,1.5673941016197204,1.5248369932174684,9.554986879229546,1609.1425895690918,0.8649977043271064,0.9004868578910827,0.8487926432490348,0.9767368736863136,0.9066662526130675,0.9016594392061233,124.81282356731315,10.942681024549778,0.04304099519217551,1.0
