,BPR,PR_fan,PR_LC,PR_HC,T4,eta_fan,eta_LC,eta_HC,eta_B,eta_HT,eta_LT,thrust,TSFC,error,valid_flag
0,5.193127691745758,1.9680840492248537,1.8053317546844483,11.51382040977478,1656.319546699524,0.9297032535076141,0.8958824288845062,0.9155221426486968,0.9621508963406086,0.9090101009607314,0.9398177933692932,152.14874337600864,8.873668834138199,0.20587688072819252,0.0
1,5.193127691745758,1.9680840492248537,1.8053317546844483,11.51382040977478,1656.319546699524,0.9297032535076141,0.8958824288845062,0.9155221426486968,0.9621508963406086,0.9090101009607314,0.9398177933692932,152.14874337600864,8.873668834138199,0.20587688072819252,0.0
2,5.193127691745758,1.9680840492248537,1.8053317546844483,11.51382040977478,1656.319546699524,0.9297032535076141,0.8958824288845062,0.9155221426486968,0.9621508963406086,0.9090101009607314,0.9398177933692932,152.14874337600864,8.873668834138199,0.20587688072819252,1.0
3,5.625505805015564,1.6765199542045592,1.3270161271095275,8.897038117051125,1578.3246338367462,0.8926269441843032,0.8886840474605561,0.9372129762172698,0.9532380368188024,0.8987271970510482,0.8744250600039959,121.18826567922987,11.152225819175353,0.05290969379998961,1.0
