,BPR,PR_fan,PR_LC,PR_HC,T4,eta_fan,eta_LC,eta_HC,eta_B,eta_HT,eta_LT,thrust,TSFC,error,valid_flag
0,5.345223546028137,1.7132588863372802,1.5799683809280396,12.23763245344162,1552.1624565124512,0.9037698924541473,0.8972835791110992,0.9092984521389007,0.9830468401312827,0.9099508887529373,0.9188542884588241,126.71781704614789,8.996068573013348,0.10464837491912692,0.0
1,5.345223546028137,1.7132588863372802,1.5799683809280396,12.23763245344162,1552.1624565124512,0.9037698924541473,0.8972835791110992,0.9092984521389007,0.9830468401312827,0.9099508887529373,0.9188542884588241,126.71781704614789,8.996068573013348,0.10464837491912692,0.0
2,5.345223546028137,1.7132588863372802,1.5799683809280396,12.23763245344162,1552.1624565124512,0.9037698924541473,0.8972835791110992,0.9092984521389007,0.9830468401312827,0.9099508887529373,0.9188542884588241,126.71781704614789,8.996068573013348,0.10464837491912692,0.0
3,5.379454344511032,1.6087446808815002,1.8000555038452148,8.104414607398212,1664.0786707401276,0.849589985050261,0.9070990455150605,0.8744399631023406,0.9589601612836122,0.9066580420732497,0.8801189561188221,125.73780188232365,11.31174988535267,0.03704810726978999,1.0
