,BPR,PR_fan,PR_LC,PR_HC,T4,eta_fan,eta_LC,eta_HC,eta_B,eta_HT,eta_LT,thrust,TSFC,error,valid_flag
0,5.4746056497097015,1.480183506011963,1.750784730911255,13.152215719223022,1657.6021492481232,0.8990307241678237,0.8754814994335175,0.9009118461608886,0.974926184117794,0.946376142501831,0.9143972498178482,122.2422515681927,10.167344450719277,0.08081666592288489,0.0
1,5.4746056497097015,1.480183506011963,1.750784730911255,13.152215719223022,1657.6021492481232,0.8990307241678237,0.8754814994335175,0.9009118461608886,0.974926184117794,0.946376142501831,0.9143972498178482,122.2422515681927,10.167344450719277,0.08081666592288489,0.0
2,5.4746056497097015,1.480183506011963,1.750784730911255,13.152215719223022,1657.6021492481232,0.8990307241678237,0.8754814994335175,0.9009118461608886,0.974926184117794,0.946376142501831,0.9143972498178482,122.2422515681927,10.167344450719277,0.08081666592288489,0.0
3,5.366779953241348,1.8267597436904908,1.4505606412887573,9.541009172797203,1768.2562947273254,0.8663634553551673,0.8774686706066132,0.8888437980413436,0.9617585240304469,0.9411412870883942,0.8811188650131225,138.3374884280859,11.36468682346605,0.07467034613086136,1.0
