,BPR,PR_fan,PR_LC,PR_HC,T4,eta_fan,eta_LC,eta_HC,eta_B,eta_HT,eta_LT,thrust,TSFC,error,valid_flag
0,5.438191682100296,1.5893300652503968,1.6203365325927734,8.771127827465534,1472.6022958755493,0.8966964751482009,0.8905214738845826,0.891343810558319,0.959888501316309,0.9122457838058471,0.9478278708457947,114.92272457958089,9.823270065591196,0.12300134553023041,0.0
1,5.438191682100296,1.5893300652503968,1.6203365325927734,8.771127827465534,1472.6022958755493,0.8966964751482009,0.8905214738845826,0.891343810558319,0.959888501316309,0.9122457838058471,0.9478278708457947,114.92272457958089,9.823270065591196,0.12300134553023041,0.0
2,5.438191682100296,1.5893300652503968,1.6203365325927734,8.771127827465534,1472.6022958755493,0.8966964751482009,0.8905214738845826,0.891343810558319,0.959888501316309,0.9122457838058471,0.9478278708457947,114.92272457958089,9.823270065591196,0.12300134553023041,0.0
3,5.080912455916405,1.3728008702397347,1.483363103866577,9.271474048495293,1492.9992586374283,0.8752327889204025,0.8942184102535248,0.8789275670051574,0.9756458127498626,0.9507515406608581,0.8878010568022728,112.93869022971609,11.256151954659977,0.07922716921456417,1.0
4,5.080912455916405,1.3728008702397347,1.483363103866577,9.271474048495293,1492.9992586374283,0.8752327889204025,0.8942184102535248,0.8789275670051574,0.9756458127498626,0.9507515406608581,0.8878010568022728,112.93869022971609,11.256151954659977,0.07922716921456417,1.0
5,5.987432241439819,1.5415170073509217,1.8426414489746095,9.239525929093361,1784.8415851593018,0.9401785969734191,0.8714424204826355,0.9357005679607391,0.9616669426858425,0.865174158886075,0.9690598440170288,128.5484895063249,11.55142681048483,0.05749004059750663,1.0
