,BPR,PR_fan,PR_LC,PR_HC,T4,eta_fan,eta_LC,eta_HC,eta_B,eta_HT,eta_LT,thrust,TSFC,error,valid_flag
0,5.862933456897736,2.1165043354034423,1.383270812034607,11.559537827968597,1495.9388852119446,0.9136778652667998,0.8504668486118316,0.8625469231605529,0.9725328302383422,0.9068094557523727,0.9153222900629043,143.27870475556045,9.122220952189076,0.16536729018894789,0.0
1,5.862933456897736,2.1165043354034423,1.383270812034607,11.559537827968597,1495.9388852119446,0.9136778652667998,0.8504668486118316,0.8625469231605529,0.9725328302383422,0.9068094557523727,0.9153222900629043,143.27870475556045,9.122220952189076,0.16536729018894789,0.0
2,5.862933456897736,2.1165043354034423,1.383270812034607,11.559537827968597,1495.9388852119446,0.9136778652667998,0.8504668486118316,0.8625469231605529,0.9725328302383422,0.9068094557523727,0.9153222900629043,143.27870475556045,9.122220952189076,0.16536729018894789,0.0
3,5.662954211235046,1.5805828630924226,1.3824620127677918,10.074753135442734,1755.1600813865662,0.904021793603897,0.8385868173837662,0.8658965611457824,0.9752547091245651,0.9441112196445465,0.9329971802234649,130.40005625344224,11.514325022267785,0.051400912934522175,1.0
