,BPR,PR_fan,PR_LC,PR_HC,T4,eta_fan,eta_LC,eta_HC,eta_B,eta_HT,eta_LT,thrust,TSFC,error,valid_flag
0,5.609125733375549,1.9273878574371337,1.4528675079345703,11.568748235702515,1365.9084469079971,0.9233041763305664,0.8642552834749222,0.9045823001861572,0.9793045818805695,0.9192724025249481,0.9073131215572356,128.71811796223233,9.290701905611431,0.10358328532788322,0.0
1,5.609125733375549,1.9273878574371337,1.4528675079345703,11.568748235702515,1365.9084469079971,0.9233041763305664,0.8642552834749222,0.9045823001861572,0.9793045818805695,0.9192724025249481,0.9073131215572356,128.71811796223233,9.290701905611431,0.10358328532788322,0.0
2,5.9456722140312195,1.366594457626343,1.850213098526001,8.244790732860565,1598.8886535167694,0.9135874092578887,0.9195049357414246,0.9316571140289306,0.9797037079930305,0.9362307941913605,0.8979251933097839,112.92486038271556,11.249968167211016,0.0857908857918549,1.0
3,5.9456722140312195,1.366594457626343,1.850213098526001,8.244790732860565,1598.8886535167694,0.9135874092578887,0.9195049357414246,0.9316571140289306,0.9797037079930305,0.9362307941913605,0.8979251933097839,112.92486038271556,11.249968167211016,0.0857908857918549,1.0
4,5.60834527015686,1.5434841573238374,1.338429856300354,9.72007754445076,1714.0916764736176,0.8628879100084305,0.8513558638095855,0.8694130206108093,0.9672162802517413,0.9473223543167114,0.9278927099704742,126.64605947404978,11.794617390741376,0.050472167486833516,1.0
