,BPR,PR_fan,PR_LC,PR_HC,T4,eta_fan,eta_LC,eta_HC,eta_B,eta_HT,eta_LT,thrust,TSFC,error,valid_flag
0,5.546343803405762,2.052277374267578,1.4850597858428956,10.518596947193146,1410.6546521186829,0.9037560105323791,0.8543920499086379,0.8815597885847091,0.9720332352817058,0.9443989551067352,0.8994853121042251,141.6219784515232,9.118331407955345,0.15790847505802133,0.0
1,5.546343803405762,2.052277374267578,1.4850597858428956,10.518596947193146,1410.6546521186829,0.9037560105323791,0.8543920499086379,0.8815597885847091,0.9720332352817058,0.9443989551067352,0.8994853121042251,141.6219784515232,9.118331407955345,0.15790847505802133,0.0
2,5.546343803405762,2.052277374267578,1.4850597858428956,10.518596947193146,1410.6546521186829,0.9037560105323791,0.8543920499086379,0.8815597885847091,0.9720332352817058,0.9443989551067352,0.8994853121042251,141.6219784515232,9.118331407955345,0.15790847505802133,1.0
3,5.830356180667877,1.6086846709251403,1.4488680124282838,11.472944140434265,1786.3933324813843,0.8738668397068977,0.8649050605297088,0.8978957676887511,0.9818355706334114,0.8925006932020187,0.8859985587000847,130.07760092242756,11.152335352527272,0.04088053495174837,1.0
