,BPR,PR_fan,PR_LC,PR_HC,T4,eta_fan,eta_LC,eta_HC,eta_B,eta_HT,eta_LT,thrust,TSFC,error,valid_flag
0,5.271916419267654,1.690725827217102,1.5874501943588257,10.186389744281769,1689.8766338825226,0.9198490083217621,0.8765583288669586,0.8850621992349624,0.9890978419780732,0.9415626561641692,0.9535773825645446,135.98027944239223,10.295515894690405,0.09621434287725297,0.0
1,5.271916419267654,1.690725827217102,1.5874501943588257,10.186389744281769,1689.8766338825226,0.9198490083217621,0.8765583288669586,0.8850621992349624,0.9890978419780732,0.9415626561641692,0.9535773825645446,135.98027944239223,10.295515894690405,0.09621434287725297,0.0
2,5.271916419267654,1.690725827217102,1.5874501943588257,10.186389744281769,1689.8766338825226,0.9198490083217621,0.8765583288669586,0.8850621992349624,0.9890978419780732,0.9415626561641692,0.9535773825645446,135.98027944239223,10.295515894690405,0.09621434287725297,1.0
3,5.260607451200485,1.5827828109264375,1.3471264362335205,14.942728579044342,1632.6528668403625,0.8975833147764205,0.8427389648556709,0.9199884676933288,0.9520256585627794,0.9135610437393188,0.8907093238830567,126.06374459518167,10.486406492115103,0.06322685532392631,1.0
