,BPR,PR_fan,PR_LC,PR_HC,T4,eta_fan,eta_LC,eta_HC,eta_B,eta_HT,eta_LT,thrust,TSFC,error,valid_flag
0,5.436431258916855,1.5792487144470215,1.289849454164505,12.956291675567627,1551.5488862991333,0.9028116464614868,0.8374868911504745,0.8782836580276489,0.9764394247531891,0.931541291475296,0.9624378752708435,122.53115979634184,9.514290068208545,0.11130838060840641,0.0
1,5.436431258916855,1.5792487144470215,1.289849454164505,12.956291675567627,1551.5488862991333,0.9028116464614868,0.8374868911504745,0.8782836580276489,0.9764394247531891,0.931541291475296,0.9624378752708435,122.53115979634184,9.514290068208545,0.11130838060840641,0.0
2,5.436431258916855,1.5792487144470215,1.289849454164505,12.956291675567627,1551.5488862991333,0.9028116464614868,0.8374868911504745,0.8782836580276489,0.9764394247531891,0.931541291475296,0.9624378752708435,122.53115979634184,9.514290068208545,0.11130838060840641,0.0
3,5.830547034740448,1.4757736146450042,1.3250020503997801,11.38273137807846,1627.0601034164429,0.9189068317413329,0.8420953866839409,0.8626329132914543,0.9589520791172981,0.8616021572053433,0.9653948199748993,117.56237662190885,10.968654766276845,0.07694365567827244,1.0
4,5.47158819437027,1.9284733295440675,1.2098283268511294,13.362700760364532,1615.9672021865845,0.8890960663557053,0.8761407089233398,0.8572858640551567,0.9574970578402281,0.8773465475440025,0.9001454901695252,123.74614142228103,10.333065770375788,0.07251511520785044,1.0
