,BPR,PR_fan,PR_LC,PR_HC,T4,eta_fan,eta_LC,eta_HC,eta_B,eta_HT,eta_LT,thrust,TSFC,error,valid_flag
0,5.4947002828121185,1.4363530725240707,1.5930569410324096,12.862811148166656,1497.977676987648,0.8889496386051178,0.8557244104146957,0.897676088809967,0.981284376680851,0.8881337618827819,0.8900396656990052,110.2922409629502,9.360028009491653,0.15601723603686884,0.0
1,5.4947002828121185,1.4363530725240707,1.5930569410324096,12.862811148166656,1497.977676987648,0.8889496386051178,0.8557244104146957,0.897676088809967,0.981284376680851,0.8881337618827819,0.8900396656990052,110.2922409629502,9.360028009491653,0.15601723603686884,0.0
2,5.4947002828121185,1.4363530725240707,1.5930569410324096,12.862811148166656,1497.977676987648,0.8889496386051178,0.8557244104146957,0.897676088809967,0.981284376680851,0.8881337618827819,0.8900396656990052,110.2922409629502,9.360028009491653,0.15601723603686884,0.0
3,5.833585679531097,1.3903737604618074,1.821939516067505,9.894199937582016,1705.474066734314,0.9275884449481964,0.8864895355701446,0.8539944106340408,0.9558709317445755,0.8860534346103668,0.8740038637816906,114.84202863860922,11.900314380086648,0.10617229823848187,1.0
4,5.180078104138374,1.4947768867015838,1.4744577407836914,10.874270766973495,1663.5715544223785,0.8691597864031791,0.8276878167688846,0.9287318015098571,0.9737604156136512,0.9379237627983092,0.8754994199424982,126.09842630388951,11.657113363281045,0.05008918088329327,1.0
