,BPR,PR_fan,PR_LC,PR_HC,T4,eta_fan,eta_LC,eta_HC,eta_B,eta_HT,eta_LT,thrust,TSFC,error,valid_flag
0,5.39607235789299,1.4720558047294616,1.907270336151123,12.168812036514282,1591.9225990772247,0.8720131129026413,0.8373888117074966,0.8782741034030914,0.9753214398026466,0.8995343452692032,0.9317897987365722,116.00529963496828,9.58607710828872,0.13042812591855746,0.0
1,5.39607235789299,1.4720558047294616,1.907270336151123,12.168812036514282,1591.9225990772247,0.8720131129026413,0.8373888117074966,0.8782741034030914,0.9753214398026466,0.8995343452692032,0.9317897987365722,116.00529963496828,9.58607710828872,0.13042812591855746,0.0
2,5.767705321311951,1.3516637802124023,1.5232272148132324,11.773910641670227,1777.9070317745209,0.8890013337135314,0.8771397960186005,0.9148270153999328,0.9756584003567695,0.9369271850585937,0.919946117401123,118.7435224926342,12.764086012549669,0.11861274201146886,1.0
3,5.5620797872543335,1.444368863105774,1.2799972712993621,14.425285160541534,1660.5623245239258,0.8711977630853652,0.8954509866237641,0.9268878126144409,0.9605865965038538,0.8849650850892067,0.888168069422245,119.71897929843603,11.484480586514112,0.06919229953101284,1.0
