,BPR,PR_fan,PR_LC,PR_HC,T4,eta_fan,eta_LC,eta_HC,eta_B,eta_HT,eta_LT,thrust,TSFC,error,valid_flag
0,5.330423295497894,1.8340883612632752,1.7497977256774901,12.121129035949707,1626.7965018749237,0.8860351026058196,0.8440052968263626,0.92250715136528,0.9655307398736477,0.9112686491012573,0.9246412646770477,134.9539424989274,9.57909565955395,0.11639804089707598,0.0
1,5.330423295497894,1.8340883612632752,1.7497977256774901,12.121129035949707,1626.7965018749237,0.8860351026058196,0.8440052968263626,0.92250715136528,0.9655307398736477,0.9112686491012573,0.9246412646770477,134.9539424989274,9.57909565955395,0.11639804089707598,0.0
2,5.330423295497894,1.8340883612632752,1.7497977256774901,12.121129035949707,1626.7965018749237,0.8860351026058196,0.8440052968263626,0.92250715136528,0.9655307398736477,0.9112686491012573,0.9246412646770477,134.9539424989274,9.57909565955395,0.11639804089707598,1.0
3,5.784617364406586,1.67836195230484,1.4276378870010376,9.068895772099495,1788.527625799179,0.8522598834708333,0.8450418484210968,0.871003400683403,0.9669550357758998,0.8988238042593002,0.8912695553898812,131.00103147607732,11.729763155019128,0.06452007501723216,1.0
