,BPR,PR_fan,PR_LC,PR_HC,T4,eta_fan,eta_LC,eta_HC,eta_B,eta_HT,eta_LT,thrust,TSFC,error,valid_flag
0,5.208373844623566,1.9274774074554444,1.5911856412887573,12.89205914735794,1508.8653296232224,0.8770621359348297,0.8447273057699203,0.9059723758697509,0.983594944179058,0.9018466180562973,0.9005413067340851,135.81381082233935,9.910557941352915,0.10751368174759554,0.0
1,5.208373844623566,1.9274774074554444,1.5911856412887573,12.89205914735794,1508.8653296232224,0.8770621359348297,0.8447273057699203,0.9059723758697509,0.983594944179058,0.9018466180562973,0.9005413067340851,135.81381082233935,9.910557941352915,0.10751368174759554,0.0
2,5.208373844623566,1.9274774074554444,1.5911856412887573,12.89205914735794,1508.8653296232224,0.8770621359348297,0.8447273057699203,0.9059723758697509,0.983594944179058,0.9018466180562973,0.9005413067340851,135.81381082233935,9.910557941352915,0.10751368174759554,1.0
3,5.208373844623566,1.9274774074554444,1.5911856412887573,12.89205914735794,1508.8653296232224,0.8770621359348297,0.8447273057699203,0.9059723758697509,0.983594944179058,0.9018466180562973,0.9005413067340851,135.81381082233935,9.910557941352915,0.10751368174759554,1.0
4,5.361699491739273,1.7735929608345031,1.2425489753484726,10.053235620260239,1717.617917060852,0.8615073502063751,0.8288929452002048,0.8417345428466797,0.9937649205327034,0.9055325216054916,0.8955961924791336,133.58318375030308,10.877731394011565,0.07082568175759243,1.0
