,BPR,PR_fan,PR_LC,PR_HC,T4,eta_fan,eta_LC,eta_HC,eta_B,eta_HT,eta_LT,thrust,TSFC,error,valid_flag
0,5.61640739440918,1.8308064103126527,1.5284510374069213,12.492571532726288,1577.0250141620636,0.9109473407268524,0.8447446149587631,0.870370032787323,0.9717214955389499,0.8847624486684799,0.9091257345676422,126.70170381338346,9.682968057078726,0.07866792429217932,0.0
1,5.61640739440918,1.8308064103126527,1.5284510374069213,12.492571532726288,1577.0250141620636,0.9109473407268524,0.8447446149587631,0.870370032787323,0.9717214955389499,0.8847624486684799,0.9091257345676422,126.70170381338346,9.682968057078726,0.07866792429217932,0.0
2,5.61640739440918,1.8308064103126527,1.5284510374069213,12.492571532726288,1577.0250141620636,0.9109473407268524,0.8447446149587631,0.870370032787323,0.9717214955389499,0.8847624486684799,0.9091257345676422,126.70170381338346,9.682968057078726,0.07866792429217932,0.0
3,5.372895330190659,1.541578197479248,1.1928886882960796,8.10340792965144,1533.526200056076,0.9073636710643768,0.8218330791965126,0.9212321126461028,0.9797590956091881,0.8628719116002321,0.9168007624149322,121.21213391724469,11.368544442506588,0.05611755399736411,1.0
