,BPR,PR_fan,PR_LC,PR_HC,T4,eta_fan,eta_LC,eta_HC,eta_B,eta_HT,eta_LT,thrust,TSFC,error,valid_flag
0,5.806382954120636,1.7701255440711976,1.469199252128601,12.556050956249237,1595.3148484230042,0.8915275186300278,0.8687954646348953,0.8630171710252762,0.9697118236124516,0.92186842918396,0.9369014632701873,124.3703970292765,9.428404559619024,0.10000104312227932,0.0
1,5.806382954120636,1.7701255440711976,1.469199252128601,12.556050956249237,1595.3148484230042,0.8915275186300278,0.8687954646348953,0.8630171710252762,0.9697118236124516,0.92186842918396,0.9369014632701873,124.3703970292765,9.428404559619024,0.10000104312227932,0.0
2,5.674405455589294,1.6125137567520142,1.5851457118988037,10.48362785577774,1726.104098558426,0.9272101938724517,0.8831227493286133,0.8818222963809966,0.9848282748460769,0.944502375125885,0.9222995710372924,131.18336514370614,10.560881612490347,0.06507290854707393,1.0
