,BPR,PR_fan,PR_LC,PR_HC,T4,eta_fan,eta_LC,eta_HC,eta_B,eta_HT,eta_LT,thrust,TSFC,error,valid_flag
0,5.592962801456451,1.467776143550873,1.7746925830841063,11.358208328485489,1529.650542140007,0.8828429222106934,0.8506781291961669,0.8872455471754074,0.9730924516916275,0.9007310038805008,0.9250024569034576,112.78785604161527,9.386113410972035,0.1431410734230009,0.0
1,5.592962801456451,1.467776143550873,1.7746925830841063,11.358208328485489,1529.650542140007,0.8828429222106934,0.8506781291961669,0.8872455471754074,0.9730924516916275,0.9007310038805008,0.9250024569034576,112.78785604161527,9.386113410972035,0.1431410734230009,0.0
2,5.982022345066071,1.5866049766540526,1.5180755615234376,11.94180291891098,1672.3090291023254,0.8668977379798889,0.8974434506893159,0.9359306597709656,0.9802034169435501,0.9103418505191803,0.9603746485710144,125.98212956010704,9.965250858947279,0.0831674573793211,1.0
3,4.991942462511361,1.4761191546916963,1.7068521976470947,11.820223450660706,1714.4395291805267,0.8923692286014556,0.8539173436164855,0.9099535191059112,0.9711509561538696,0.8810009098052979,0.8869682160019875,127.2230242207485,11.838165947866704,0.05307582501667358,1.0
