,BPR,PR_fan,PR_LC,PR_HC,T4,eta_fan,eta_LC,eta_HC,eta_B,eta_HT,eta_LT,thrust,TSFC,error,valid_flag
0,5.60944265127182,1.9589890003204347,1.647771453857422,12.12600189447403,1652.0853817462921,0.8562685139477253,0.8800097179412842,0.8858460718393325,0.9642573544383048,0.9204829311370849,0.9059723985195159,144.42208229168256,9.43556371959655,0.1562949287272285,0.0
1,5.60944265127182,1.9589890003204347,1.647771453857422,12.12600189447403,1652.0853817462921,0.8562685139477253,0.8800097179412842,0.8858460718393325,0.9642573544383048,0.9204829311370849,0.9059723985195159,144.42208229168256,9.43556371959655,0.1562949287272285,0.0
2,5.60944265127182,1.9589890003204347,1.647771453857422,12.12600189447403,1652.0853817462921,0.8562685139477253,0.8800097179412842,0.8858460718393325,0.9642573544383048,0.9204829311370849,0.9059723985195159,144.42208229168256,9.43556371959655,0.1562949287272285,0.0
3,5.356775343418121,1.7158413887023927,1.5981735944747926,9.069208487868309,1689.4366919994354,0.8588292814791202,0.9015768539905549,0.8526890778541565,0.9700288741290569,0.8884840166568756,0.8867293041944504,129.3349278730226,10.920197969698206,0.04691591871446796,1.0
