,BPR,PR_fan,PR_LC,PR_HC,T4,eta_fan,eta_LC,eta_HC,eta_B,eta_HT,eta_LT,thrust,TSFC,error,valid_flag
0,5.547435283660889,2.2097357749938964,1.5894251585006713,12.898482024669647,1608.3092868328094,0.898313370347023,0.8455191802978516,0.9165940010547637,0.9748368182778359,0.9023238307237624,0.940262199640274,160.5522190675418,9.079175242329303,0.22027780430322771,0.0
1,5.547435283660889,2.2097357749938964,1.5894251585006713,12.898482024669647,1608.3092868328094,0.898313370347023,0.8455191802978516,0.9165940010547637,0.9748368182778359,0.9023238307237624,0.940262199640274,160.5522190675418,9.079175242329303,0.22027780430322771,0.0
2,5.6788217425346375,1.6125501632690429,1.2656986713409424,9.75115031003952,1703.5590887069702,0.9278100609779357,0.8933273506164551,0.87287353515625,0.9765422901511193,0.9521623587608337,0.9429930579662322,130.89549915507425,11.224590452294956,0.04243625353345075,1.0
