,BPR,PR_fan,PR_LC,PR_HC,T4,eta_fan,eta_LC,eta_HC,eta_B,eta_HT,eta_LT,thrust,TSFC,error,valid_flag
0,5.703443348407745,1.742600107192993,1.4373063564300537,12.070615530014038,1550.7919669151306,0.9065369129180908,0.8652772349119187,0.9206918382644653,0.9771351280808449,0.9009623831510544,0.9408405911922455,121.57182504039827,9.027518799832267,0.12466702423520075,0.0
1,5.703443348407745,1.742600107192993,1.4373063564300537,12.070615530014038,1550.7919669151306,0.9065369129180908,0.8652772349119187,0.9206918382644653,0.9771351280808449,0.9009623831510544,0.9408405911922455,121.57182504039827,9.027518799832267,0.12466702423520075,0.0
2,5.703443348407745,1.742600107192993,1.4373063564300537,12.070615530014038,1550.7919669151306,0.9065369129180908,0.8652772349119187,0.9206918382644653,0.9771351280808449,0.9009623831510544,0.9408405911922455,121.57182504039827,9.027518799832267,0.12466702423520075,0.0
3,5.3965645134449005,1.720127558708191,1.3870418310165404,8.179594554007053,1645.871776342392,0.9272593677043914,0.8668467622995376,0.8691678249835968,0.977869074344635,0.8783955654501915,0.8921890389919281,130.47986817475748,11.022144687975306,0.04514958607852536,1.0
