,BPR,PR_fan,PR_LC,PR_HC,T4,eta_fan,eta_LC,eta_HC,eta_B,eta_HT,eta_LT,thrust,TSFC,error,valid_flag
0,5.227757543325424,1.8959311604499818,1.4389513731002808,9.645535618066788,1666.639792919159,0.8926882535219192,0.8889607739448547,0.9156206989288329,0.9702109237015247,0.8875152862071991,0.8885514837503433,132.9527754553259,10.787588806635895,0.06287215285405673,0.0
