,BPR,PR_fan,PR_LC,PR_HC,T4,eta_fan,eta_LC,eta_HC,eta_B,eta_HT,eta_LT,thrust,TSFC,error,valid_flag
0,5.6205815076828,1.9388243675231935,1.627626657485962,12.719667851924896,1442.2150880098343,0.8659802496433258,0.8426863026618957,0.8786437267065048,0.9584651280939579,0.8925509458780289,0.9178799372911453,133.76060085741253,10.27451475666413,0.08418303136025294,0.0
1,5.6205815076828,1.9388243675231935,1.627626657485962,12.719667851924896,1442.2150880098343,0.8659802496433258,0.8426863026618957,0.8786437267065048,0.9584651280939579,0.8925509458780289,0.9178799372911453,133.76060085741253,10.27451475666413,0.08418303136025294,0.0
2,5.6205815076828,1.9388243675231935,1.627626657485962,12.719667851924896,1442.2150880098343,0.8659802496433258,0.8426863026618957,0.8786437267065048,0.9584651280939579,0.8925509458780289,0.9178799372911453,133.76060085741253,10.27451475666413,0.08418303136025294,1.0
3,5.536238968372345,1.5468429625034332,1.8183400630950928,12.202837347984314,1783.8548600673676,0.8519992254674434,0.8646189731359482,0.903375985622406,0.9575962546467781,0.8699863037467003,0.8780813504755497,126.49375352325373,11.403870415733849,0.039473505438278364,1.0
