,BPR,PR_fan,PR_LC,PR_HC,T4,eta_fan,eta_LC,eta_HC,eta_B,eta_HT,eta_LT,thrust,TSFC,error,valid_flag
0,5.408217221498489,2.345204710960388,1.475904893875122,13.613801300525665,1616.790521144867,0.8795704215764999,0.8791949105262756,0.8709286832809447,0.9650382460653781,0.9307439005374908,0.9270932686328888,162.55413521909534,9.868742902417639,0.20081825582207358,0.0
1,5.408217221498489,2.345204710960388,1.475904893875122,13.613801300525665,1616.790521144867,0.8795704215764999,0.8791949105262756,0.8709286832809447,0.9650382460653781,0.9307439005374908,0.9270932686328888,162.55413521909534,9.868742902417639,0.20081825582207358,0.0
2,5.408217221498489,2.345204710960388,1.475904893875122,13.613801300525665,1616.790521144867,0.8795704215764999,0.8791949105262756,0.8709286832809447,0.9650382460653781,0.9307439005374908,0.9270932686328888,162.55413521909534,9.868742902417639,0.20081825582207358,0.0
3,5.489402562379837,1.5860682666301726,1.741407299041748,9.774481117725372,1781.0234010219574,0.9322683691978454,0.8231043939292431,0.9201324307918548,0.953213996514678,0.8730481407046318,0.899486620426178,131.60689671694556,11.952029956699619,0.08156535960549119,1.0
4,5.15129753947258,1.491803014278412,1.8120136260986328,8.95520168542862,1700.2633392810822,0.9042804956436157,0.8760074746608734,0.8735734724998474,0.9694099946320056,0.9341654634475708,0.9259033334255218,127.56641674808611,11.846878118600605,0.053630033995102105,1.0
