,BPR,PR_fan,PR_LC,PR_HC,T4,eta_fan,eta_LC,eta_HC,eta_B,eta_HT,eta_LT,thrust,TSFC,error,valid_flag
0,5.8055776953697205,2.0745557308197022,1.454039716720581,10.443744599819183,1458.7537974119186,0.8810930550098419,0.8642876368761062,0.8877392882108688,0.9652287030220031,0.8760502910614013,0.8837355715036392,130.4236762352313,9.90843682518018,0.0881125262342421,0.0
1,5.8055776953697205,2.0745557308197022,1.454039716720581,10.443744599819183,1458.7537974119186,0.8810930550098419,0.8642876368761062,0.8877392882108688,0.9652287030220031,0.8760502910614013,0.8837355715036392,130.4236762352313,9.90843682518018,0.0881125262342421,0.0
2,5.8055776953697205,2.0745557308197022,1.454039716720581,10.443744599819183,1458.7537974119186,0.8810930550098419,0.8642876368761062,0.8877392882108688,0.9652287030220031,0.8760502910614013,0.8837355715036392,130.4236762352313,9.90843682518018,0.0881125262342421,1.0
3,5.772858679294586,1.6101427912712096,1.630511474609375,8.5725412145257,1698.0538249015808,0.8978654414415359,0.8304655414819717,0.9271244132518768,0.9600357384979724,0.943595734834671,0.9539960694313049,129.37496611799793,11.092757995642744,0.04571448198939658,1.0
