,BPR,PR_fan,PR_LC,PR_HC,T4,eta_fan,eta_LC,eta_HC,eta_B,eta_HT,eta_LT,thrust,TSFC,error,valid_flag
0,5.561487317085266,1.8310837149620056,1.4687675476074218,10.593542754650116,1676.425176858902,0.9188709318637848,0.904884238243103,0.8942724967002869,0.954055551327765,0.8779798424243926,0.9100610715150833,129.61157109340132,10.519372361373868,0.0635794398179235,0.0
