,BPR,PR_fan,PR_LC,PR_HC,T4,eta_fan,eta_LC,eta_HC,eta_B,eta_HT,eta_LT,thrust,TSFC,error,valid_flag
0,5.150057077407837,1.989294672012329,1.5493788957595824,13.475870907306671,1534.294131398201,0.870753613114357,0.8489639592170715,0.8506996946036816,0.9627960266172886,0.9476806735992431,0.8986779761314392,153.90569602813486,9.612638790370731,0.18780857209858323,0.0
1,5.150057077407837,1.989294672012329,1.5493788957595824,13.475870907306671,1534.294131398201,0.870753613114357,0.8489639592170715,0.8506996946036816,0.9627960266172886,0.9476806735992431,0.8986779761314392,153.90569602813486,9.612638790370731,0.18780857209858323,0.0
2,5.150057077407837,1.989294672012329,1.5493788957595824,13.475870907306671,1534.294131398201,0.870753613114357,0.8489639592170715,0.8506996946036816,0.9627960266172886,0.9476806735992431,0.8986779761314392,153.90569602813486,9.612638790370731,0.18780857209858323,0.0
3,5.377307772636414,1.5101856589317322,1.477347159385681,8.68432980030775,1601.0604679584503,0.9337277472019195,0.90806471824646,0.8641962477564812,0.9523521491140127,0.9571887171268463,0.8914147835969924,122.38238725789518,11.541366433724885,0.06282514234285598,1.0
