,BPR,PR_fan,PR_LC,PR_HC,T4,eta_fan,eta_LC,eta_HC,eta_B,eta_HT,eta_LT,thrust,TSFC,error,valid_flag
0,5.200955420732498,1.7085320472717285,1.5891801118850708,8.934186100959778,1506.3273638486862,0.8856273382902144,0.8554603290557861,0.9200948917865752,0.9913329911231995,0.9303570783138275,0.9519093763828277,126.98284694334644,9.2256842878346,0.10788685561138553,0.0
1,5.200955420732498,1.7085320472717285,1.5891801118850708,8.934186100959778,1506.3273638486862,0.8856273382902144,0.8554603290557861,0.9200948917865752,0.9913329911231995,0.9303570783138275,0.9519093763828277,126.98284694334644,9.2256842878346,0.10788685561138553,0.0
2,5.200955420732498,1.7085320472717285,1.5891801118850708,8.934186100959778,1506.3273638486862,0.8856273382902144,0.8554603290557861,0.9200948917865752,0.9913329911231995,0.9303570783138275,0.9519093763828277,126.98284694334644,9.2256842878346,0.10788685561138553,0.0
3,5.200955420732498,1.7085320472717285,1.5891801118850708,8.934186100959778,1506.3273638486862,0.8856273382902144,0.8554603290557861,0.9200948917865752,0.9913329911231995,0.9303570783138275,0.9519093763828277,126.98284694334644,9.2256842878346,0.10788685561138553,1.0
4,5.843456745147705,1.6670881271362306,1.2823859333992005,9.803603321313858,1742.926973104477,0.8542480386793613,0.864558134675026,0.8487678916752338,0.96135716766119,0.8933602488040924,0.9151261579990386,127.77455937605517,11.46704163689712,0.04125107836296283,1.0
