,BPR,PR_fan,PR_LC,PR_HC,T4,eta_fan,eta_LC,eta_HC,eta_B,eta_HT,eta_LT,thrust,TSFC,error,valid_flag
0,5.40086242556572,1.6715310096740723,1.7373238086700438,9.970398902893066,1401.2331396341324,0.8866575717926025,0.8605759423971175,0.9060898447036743,0.9711470951139927,0.9182467973232269,0.887042276263237,116.30425128395237,9.495531337268703,0.12783000585833504,0.0
1,5.40086242556572,1.6715310096740723,1.7373238086700438,9.970398902893066,1401.2331396341324,0.8866575717926025,0.8605759423971175,0.9060898447036743,0.9711470951139927,0.9182467973232269,0.887042276263237,116.30425128395237,9.495531337268703,0.12783000585833504,0.0
2,5.40086242556572,1.6715310096740723,1.7373238086700438,9.970398902893066,1401.2331396341324,0.8866575717926025,0.8605759423971175,0.9060898447036743,0.9711470951139927,0.9182467973232269,0.887042276263237,116.30425128395237,9.495531337268703,0.12783000585833504,0.0
3,5.550905287265778,1.5091660618782043,1.6691690921783446,11.295142590999603,1706.3202142715454,0.9123893320560454,0.8617253702878952,0.9219088578224182,0.9507175583019852,0.9406795358657837,0.8994241964817047,125.60477449450092,11.382309146545527,0.037205176533695455,1.0
