,BPR,PR_fan,PR_LC,PR_HC,T4,eta_fan,eta_LC,eta_HC,eta_B,eta_HT,eta_LT,thrust,TSFC,error,valid_flag
0,5.35206526517868,2.051177954673767,1.3481985807418824,9.914856284856796,1465.21655023098,0.9035524487495422,0.8994236719608307,0.8971504533290863,0.977819185256958,0.9296440756320953,0.8932159942388535,134.600516524325,9.149857761320074,0.13420614940015713,0.0
1,5.35206526517868,2.051177954673767,1.3481985807418824,9.914856284856796,1465.21655023098,0.9035524487495422,0.8994236719608307,0.8971504533290863,0.977819185256958,0.9296440756320953,0.8932159942388535,134.600516524325,9.149857761320074,0.13420614940015713,0.0
2,5.877537488937378,2.3105799674987795,1.277465581893921,9.827860176563263,1700.1041948795319,0.8754059612751007,0.9088327658176423,0.9396934354305266,0.9553248339891434,0.9306625521183014,0.9424212884902954,131.53597056549702,10.24038195117887,0.09272586207858288,1.0
3,5.092479921877384,1.5258260309696197,1.4079748153686524,8.281336206942797,1551.6370713710785,0.8847103476524353,0.8983312320709229,0.9098909759521484,0.9581002879887819,0.9056245869398116,0.871449131872505,122.20643036320553,11.767187295931029,0.06630931793976026,1.0
