,BPR,PR_fan,PR_LC,PR_HC,T4,eta_fan,eta_LC,eta_HC,eta_B,eta_HT,eta_LT,thrust,TSFC,error,valid_flag
0,5.3125609159469604,1.3853495448827744,1.7173592567443847,11.53398609161377,1537.6443594694138,0.8854850143194198,0.8955345046520233,0.9154441857337952,0.967360462397337,0.9097253328561783,0.9228704524040222,113.46320458138644,10.509381917468637,0.10008621935678133,0.0
1,5.3125609159469604,1.3853495448827744,1.7173592567443847,11.53398609161377,1537.6443594694138,0.8854850143194198,0.8955345046520233,0.9154441857337952,0.967360462397337,0.9097253328561783,0.9228704524040222,113.46320458138644,10.509381917468637,0.10008621935678133,0.0
2,5.3125609159469604,1.3853495448827744,1.7173592567443847,11.53398609161377,1537.6443594694138,0.8854850143194198,0.8955345046520233,0.9154441857337952,0.967360462397337,0.9097253328561783,0.9228704524040222,113.46320458138644,10.509381917468637,0.10008621935678133,1.0
3,5.554528474807739,1.3140161894261837,1.9565258979797364,14.66466897726059,1714.4849181175232,0.8704795375466347,0.8657823872566223,0.8591230252385139,0.9705823680758476,0.9310819542407989,0.8905891266465187,110.73455155032273,11.15632670767183,0.0939346110290475,1.0
4,5.7039254903793335,1.5255835771560669,1.7268187046051025,11.388805449008942,1801.8653273582458,0.8512718816287815,0.9110887956619262,0.8527140864729881,0.9536374120414257,0.9457827126979828,0.9415991258621216,127.04894862285323,11.529576154187584,0.048805046514048274,1.0
