,BPR,PR_fan,PR_LC,PR_HC,T4,eta_fan,eta_LC,eta_HC,eta_B,eta_HT,eta_LT,thrust,TSFC,error,valid_flag
0,5.1607586145401,1.9743562698364259,1.5644460439682006,11.567204475402832,1383.5634917020798,0.8803694427013397,0.8517309111356735,0.9286459112167358,0.9812442481517791,0.8745728915929795,0.9254040133953094,144.4862992100052,9.11290597186343,0.1740775661699701,0.0
1,5.1607586145401,1.9743562698364259,1.5644460439682006,11.567204475402832,1383.5634917020798,0.8803694427013397,0.8517309111356735,0.9286459112167358,0.9812442481517791,0.8745728915929795,0.9254040133953094,144.4862992100052,9.11290597186343,0.1740775661699701,0.0
2,5.1607586145401,1.9743562698364259,1.5644460439682006,11.567204475402832,1383.5634917020798,0.8803694427013397,0.8517309111356735,0.9286459112167358,0.9812442481517791,0.8745728915929795,0.9254040133953094,144.4862992100052,9.11290597186343,0.1740775661699701,0.0
3,5.914990544319153,1.3972368091344833,1.6387198448181153,8.898000463843346,1751.7360627651215,0.903685599565506,0.9085784387588501,0.9124097967147826,0.9735806807875633,0.8848069658875465,0.8921490830183029,119.27129875296038,12.657460350206312,0.11902824563165332,1.0
4,5.419806957244873,1.4003968715667725,1.4790088176727294,10.233677834272385,1615.5651092529297,0.930208933353424,0.8711722803115844,0.8699037903547286,0.9709785316884517,0.9324985003471374,0.971319944858551,118.1822038740601,11.533743262188597,0.07191017307651196,1.0
