,BPR,PR_fan,PR_LC,PR_HC,T4,eta_fan,eta_LC,eta_HC,eta_B,eta_HT,eta_LT,thrust,TSFC,error,valid_flag
0,5.679718613624573,2.1390259504318236,1.4444944858551025,13.695266783237457,1435.0154280662537,0.9233847916126251,0.8548480254411697,0.8929588818550109,0.9705752025544643,0.9223095571994782,0.9541440141201019,157.40730390245005,8.804576202411194,0.22500390894183325,0.0
1,5.679718613624573,2.1390259504318236,1.4444944858551025,13.695266783237457,1435.0154280662537,0.9233847916126251,0.8548480254411697,0.8929588818550109,0.9705752025544643,0.9223095571994782,0.9541440141201019,157.40730390245005,8.804576202411194,0.22500390894183325,0.0
2,5.679718613624573,2.1390259504318236,1.4444944858551025,13.695266783237457,1435.0154280662537,0.9233847916126251,0.8548480254411697,0.8929588818550109,0.9705752025544643,0.9223095571994782,0.9541440141201019,157.40730390245005,8.804576202411194,0.22500390894183325,0.0
3,5.121549569070339,1.6328096032142638,1.4963786125183105,11.165152549743652,1741.070705652237,0.933705174922943,0.8929133844375611,0.8466486895084381,0.9916184318065643,0.8764192408323288,0.87551662966609,133.8203247711446,11.150232266714236,0.06268245138526314,1.0
