,BPR,PR_fan,PR_LC,PR_HC,T4,eta_fan,eta_LC,eta_HC,eta_B,eta_HT,eta_LT,thrust,TSFC,error,valid_flag
0,5.42588683962822,2.1248616695404055,1.7019563198089598,10.032012045383453,1659.462171792984,0.8602057807147503,0.8914955389499665,0.8885453814268112,0.9593095250427722,0.927636889219284,0.9039434206485748,146.02517766851045,9.777821904663025,0.15220041762254868,0.0
1,5.42588683962822,2.1248616695404055,1.7019563198089598,10.032012045383453,1659.462171792984,0.8602057807147503,0.8914955389499665,0.8885453814268112,0.9593095250427722,0.927636889219284,0.9039434206485748,146.02517766851045,9.777821904663025,0.15220041762254868,0.0
2,5.97872269153595,1.5832699537277222,1.4090763568878173,11.733758687973022,1792.0524060726166,0.8535297453403473,0.9179018211364747,0.9223187232017517,0.9535139217972755,0.9528198158740997,0.8714844119548798,128.63677436873297,11.674575744894097,0.06636079589821084,1.0
