,BPR,PR_fan,PR_LC,PR_HC,T4,eta_fan,eta_LC,eta_HC,eta_B,eta_HT,eta_LT,thrust,TSFC,error,valid_flag
0,5.842875421047211,2.156602072715759,1.7653050422668457,13.02610844373703,1403.381410241127,0.9107063174247741,0.8732716453075409,0.8895183259248733,0.9802011612057686,0.8992065703868866,0.9392908346652984,160.58682699612535,8.933661513935338,0.22800612353869912,0.0
1,5.842875421047211,2.156602072715759,1.7653050422668457,13.02610844373703,1403.381410241127,0.9107063174247741,0.8732716453075409,0.8895183259248733,0.9802011612057686,0.8992065703868866,0.9392908346652984,160.58682699612535,8.933661513935338,0.22800612353869912,0.0
2,5.622916519641876,1.6328450441360474,1.322638177871704,11.641367554664612,1764.2253816127777,0.9073343813419341,0.8737539899349213,0.9109002554416656,0.9873833364248276,0.9158684825897216,0.9688925337791443,135.23559824400994,11.058100957323113,0.0635396932093816,1.0
