,BPR,PR_fan,PR_LC,PR_HC,T4,eta_fan,eta_LC,eta_HC,eta_B,eta_HT,eta_LT,thrust,TSFC,error,valid_flag
0,5.698713600635529,2.120623993873596,1.6686272621154785,9.615616500377655,1598.2749342918396,0.8656092584133148,0.8843010318279266,0.8940673851966857,0.974433955848217,0.9445594704151153,0.9142696362733841,144.81092818855663,9.288339485887072,0.16508359972253428,0.0
1,5.698713600635529,2.120623993873596,1.6686272621154785,9.615616500377655,1598.2749342918396,0.8656092584133148,0.8843010318279266,0.8940673851966857,0.974433955848217,0.9445594704151153,0.9142696362733841,144.81092818855663,9.288339485887072,0.16508359972253428,0.0
2,5.540317893028259,1.4141296386718751,1.5777484893798828,13.813775837421417,1789.5991384983063,0.8683360815048218,0.907261688709259,0.9285755896568297,0.968960245847702,0.9594943976402283,0.9351380479335785,124.90945469459533,12.150438999199993,0.07705719814265295,1.0
3,5.540317893028259,1.4141296386718751,1.5777484893798828,13.813775837421417,1789.5991384983063,0.8683360815048218,0.907261688709259,0.9285755896568297,0.968960245847702,0.9594943976402283,0.9351380479335785,124.90945469459533,12.150438999199993,0.07705719814265295,1.0
4,5.784291386604309,1.4529464781284334,1.7483120918273927,11.824071168899536,1801.2255907058716,0.9034282088279724,0.8710098278522491,0.8510327057540417,0.9885276365280151,0.9323671436309814,0.9172620964050293,123.88996415760987,11.250456117123669,0.039175903387958975,1.0
