,BPR,PR_fan,PR_LC,PR_HC,T4,eta_fan,eta_LC,eta_HC,eta_B,eta_HT,eta_LT,thrust,TSFC,error,valid_flag
0,5.2251240611076355,2.0634687662124636,1.4565904140472412,11.69625699520111,1654.4252812862396,0.9006477296352386,0.8496051502227783,0.9007601046562195,0.9773319298028946,0.8872843390703201,0.9036741864681244,144.96763481294607,9.280893551262754,0.16303218224379587,0.0
1,5.2251240611076355,2.0634687662124636,1.4565904140472412,11.69625699520111,1654.4252812862396,0.9006477296352386,0.8496051502227783,0.9007601046562195,0.9773319298028946,0.8872843390703201,0.9036741864681244,144.96763481294607,9.280893551262754,0.16303218224379587,0.0
2,5.865565061569214,1.8805505514144898,1.6016594409942626,14.358061075210571,1768.8797891139984,0.8573106527328491,0.9184929025173187,0.9312264585494995,0.9816514047980308,0.9380992090702056,0.9601922225952149,138.95955670437792,9.140515290992967,0.15722734567616845,1.0
3,5.256515234708786,1.5645797491073608,1.7460237979888915,9.812777429819107,1786.9259297847748,0.8777267247438431,0.917689175605774,0.8808096462488174,0.9692698559165001,0.8947827762365341,0.949059225320816,133.4656074374676,11.990499547419084,0.0863207014061985,1.0
4,5.8849403858184814,1.4961238741874696,1.538830041885376,9.306655302643776,1739.499944448471,0.9174310624599457,0.8703926277160644,0.9218028926849364,0.9926055759191513,0.9218024051189422,0.9701680254936218,126.84095355647224,11.45349872325726,0.03834179724068087,1.0
