,BPR,PR_fan,PR_LC,PR_HC,T4,eta_fan,eta_LC,eta_HC,eta_B,eta_HT,eta_LT,thrust,TSFC,error,valid_flag
0,5.406879633665085,1.8552074313163758,1.6517667770385742,12.445759296417236,1696.7202305793762,0.8913693755865096,0.870436544418335,0.9025761687755585,0.9775941398739815,0.9110488510131836,0.9173705977201462,135.24171978020516,9.40854383196375,0.11803564545483831,0.0
1,5.406879633665085,1.8552074313163758,1.6517667770385742,12.445759296417236,1696.7202305793762,0.8913693755865096,0.870436544418335,0.9025761687755585,0.9775941398739815,0.9110488510131836,0.9173705977201462,135.24171978020516,9.40854383196375,0.11803564545483831,0.0
2,5.406879633665085,1.8552074313163758,1.6517667770385742,12.445759296417236,1696.7202305793762,0.8913693755865096,0.870436544418335,0.9025761687755585,0.9775941398739815,0.9110488510131836,0.9173705977201462,135.24171978020516,9.40854383196375,0.11803564545483831,0.0
3,5.763746857643127,1.7792433738708495,1.6424302101135253,9.176210686564445,1732.0908784866333,0.8924495130777359,0.9192379844188691,0.8542954498529434,0.9552023784071206,0.8738014987111091,0.8763369460403919,126.216366319525,11.07632269004298,0.040593244295848985,1.0
