,BPR,PR_fan,PR_LC,PR_HC,T4,eta_fan,eta_LC,eta_HC,eta_B,eta_HT,eta_LT,thrust,TSFC,error,valid_flag
0,5.100846536457539,1.7735575199127198,1.5203775644302369,13.1235072016716,1375.233906507492,0.916560298204422,0.8654528421163559,0.9301416182518005,0.991256178021431,0.951426694393158,0.9280377340316772,133.8924646230957,8.885734560919266,0.14954860923719648,0.0
1,5.100846536457539,1.7735575199127198,1.5203775644302369,13.1235072016716,1375.233906507492,0.916560298204422,0.8654528421163559,0.9301416182518005,0.991256178021431,0.951426694393158,0.9280377340316772,133.8924646230957,8.885734560919266,0.14954860923719648,0.0
2,5.100846536457539,1.7735575199127198,1.5203775644302369,13.1235072016716,1375.233906507492,0.916560298204422,0.8654528421163559,0.9301416182518005,0.991256178021431,0.951426694393158,0.9280377340316772,133.8924646230957,8.885734560919266,0.14954860923719648,0.0
3,5.180983051657677,1.4072556287050249,1.2856194019317626,13.170138359069824,1710.18608212471,0.8600996755063534,0.8604166042804717,0.8799121522903441,0.9724119229614734,0.8654724872112274,0.909001178741455,121.57881939529022,12.557410594237517,0.10174266481876645,1.0
4,5.430182158946991,2.099286699295044,1.4097362995147704,8.458241201937199,1515.1486724615097,0.8753597676753998,0.8825877261161804,0.8889637345075607,0.962766475379467,0.8771486988663674,0.900580660700798,124.32090789328247,10.179952179888147,0.0719326742721228,1.0
