,BPR,PR_fan,PR_LC,PR_HC,T4,eta_fan,eta_LC,eta_HC,eta_B,eta_HT,eta_LT,thrust,TSFC,error,valid_flag
0,5.454039126634598,1.6185492992401123,1.6593852043151855,12.175408065319061,1455.3469598293304,0.8779210865497589,0.8635332089662552,0.8868481689691543,0.9638304728269577,0.9181651568412781,0.8923850578069686,117.35023108008667,9.709464736622918,0.11248932002186393,0.0
1,5.454039126634598,1.6185492992401123,1.6593852043151855,12.175408065319061,1455.3469598293304,0.8779210865497589,0.8635332089662552,0.8868481689691543,0.9638304728269577,0.9181651568412781,0.8923850578069686,117.35023108008667,9.709464736622918,0.11248932002186393,0.0
2,5.454039126634598,1.6185492992401123,1.6593852043151855,12.175408065319061,1455.3469598293304,0.8779210865497589,0.8635332089662552,0.8868481689691543,0.9638304728269577,0.9181651568412781,0.8923850578069686,117.35023108008667,9.709464736622918,0.11248932002186393,0.0
3,5.535271763801575,1.5980392336845397,1.3316662073135375,9.172031477093697,1649.6274054050446,0.8620762214064598,0.9013596725463867,0.891712530851364,0.9719263117015362,0.8906474030017852,0.9071285527944565,125.77865923426245,11.371903653163075,0.03242618438966416,1.0
