,BPR,PR_fan,PR_LC,PR_HC,T4,eta_fan,eta_LC,eta_HC,eta_B,eta_HT,eta_LT,thrust,TSFC,error,valid_flag
0,5.886353611946106,1.8633763670921326,1.6659785270690919,10.437205523252487,1611.0377192497253,0.8756805807352066,0.8911325109004975,0.8968059027194977,0.9738131397962569,0.8807537859678268,0.8889910650253295,121.4616899269852,9.777921394304604,0.10231639293006183,0.0
1,5.886353611946106,1.8633763670921326,1.6659785270690919,10.437205523252487,1611.0377192497253,0.8756805807352066,0.8911325109004975,0.8968059027194977,0.9738131397962569,0.8807537859678268,0.8889910650253295,121.4616899269852,9.777921394304604,0.10231639293006183,0.0
2,5.886353611946106,1.8633763670921326,1.6659785270690919,10.437205523252487,1611.0377192497253,0.8756805807352066,0.8911325109004975,0.8968059027194977,0.9738131397962569,0.8807537859678268,0.8889910650253295,121.4616899269852,9.777921394304604,0.10231639293006183,0.0
3,5.298472076654434,1.4939917147159576,1.4517319440841674,14.886348366737366,1691.2732601165771,0.9235997140407561,0.8523262631893158,0.900610681772232,0.9611430878192186,0.8971072381734848,0.9015174221992492,124.82410870370778,11.063885207328754,0.04023959406499796,1.0
