,BPR,PR_fan,PR_LC,PR_HC,T4,eta_fan,eta_LC,eta_HC,eta_B,eta_HT,eta_LT,thrust,TSFC,error,valid_flag
0,5.4992742240428925,1.4852259516716004,1.8892882347106934,11.535496473312378,1362.7162903547287,0.8938799113035202,0.8477394592761993,0.8952888453006744,0.9705103440582752,0.9025327748060226,0.9172986489534378,113.74561771149048,9.211457900968819,0.15078230569860113,0.0
1,5.4992742240428925,1.4852259516716004,1.8892882347106934,11.535496473312378,1362.7162903547287,0.8938799113035202,0.8477394592761993,0.8952888453006744,0.9705103440582752,0.9025327748060226,0.9172986489534378,113.74561771149048,9.211457900968819,0.15078230569860113,0.0
2,5.4992742240428925,1.4852259516716004,1.8892882347106934,11.535496473312378,1362.7162903547287,0.8938799113035202,0.8477394592761993,0.8952888453006744,0.9705103440582752,0.9025327748060226,0.9172986489534378,113.74561771149048,9.211457900968819,0.15078230569860113,0.0
3,5.94830983877182,2.211473059654236,1.5427491426467896,8.884589046239853,1585.7953608036041,0.8639683187007904,0.8499424439668655,0.8622617596387863,0.9591450788080692,0.929776427745819,0.8768995304405689,130.37910560139036,10.49502844022308,0.07355502529827627,1.0
