,BPR,PR_fan,PR_LC,PR_HC,T4,eta_fan,eta_LC,eta_HC,eta_B,eta_HT,eta_LT,thrust,TSFC,error,valid_flag
0,5.6180954575538635,2.3028109312057494,1.6731675624847413,11.89172625541687,1645.1814949512482,0.8939264506101607,0.867380581498146,0.866894313097,0.9813173168897629,0.8912022477388382,0.9523291480541229,161.17036673707352,9.420875401656113,0.21216527152045034,0.0
1,5.6180954575538635,2.3028109312057494,1.6731675624847413,11.89172625541687,1645.1814949512482,0.8939264506101607,0.867380581498146,0.866894313097,0.9813173168897629,0.8912022477388382,0.9523291480541229,161.17036673707352,9.420875401656113,0.21216527152045034,0.0
2,5.6180954575538635,2.3028109312057494,1.6731675624847413,11.89172625541687,1645.1814949512482,0.8939264506101607,0.867380581498146,0.866894313097,0.9813173168897629,0.8912022477388382,0.9523291480541229,161.17036673707352,9.420875401656113,0.21216527152045034,0.0
3,5.13219341635704,1.3748138189315797,1.8038575172424316,9.275924250483513,1627.9893398284912,0.8787149012088775,0.902481324672699,0.8802419537305831,0.9614268796145916,0.8659400759637356,0.9479476821422577,117.11657797494013,12.249090698611909,0.10919130735670751,1.0
4,5.277455121278763,1.8457110166549682,1.2470725566148757,8.12277851626277,1634.158480167389,0.9090406417846679,0.8706934404373169,0.8388482214510441,0.9759694722294807,0.9012536323070526,0.9207596135139465,130.03559167631457,11.100807061841023,0.04143615416036145,1.0
