,BPR,PR_fan,PR_LC,PR_HC,T4,eta_fan,eta_LC,eta_HC,eta_B,eta_HT,eta_LT,thrust,TSFC,error,valid_flag
0,5.500950992107391,2.0079519033432005,1.7564256191253662,12.248535990715027,1653.7355363368988,0.8724628895521164,0.8307424400746822,0.875640525817871,0.9700773899257182,0.9353132939338684,0.9435757410526275,155.4740555639672,9.214779278465242,0.20480292582166212,0.0
1,5.500950992107391,2.0079519033432005,1.7564256191253662,12.248535990715027,1653.7355363368988,0.8724628895521164,0.8307424400746822,0.875640525817871,0.9700773899257182,0.9353132939338684,0.9435757410526275,155.4740555639672,9.214779278465242,0.20480292582166212,0.0
2,5.7269962430000305,1.4037866830825807,1.9602694034576416,14.86140787601471,1767.5389528274536,0.8707293212413788,0.9100254964828491,0.921806355714798,0.9788388136029244,0.9405900752544403,0.8762634706497192,120.06146128077214,10.889586582741996,0.07453040125903795,1.0
