,BPR,PR_fan,PR_LC,PR_HC,T4,eta_fan,eta_LC,eta_HC,eta_B,eta_HT,eta_LT,thrust,TSFC,error,valid_flag
0,5.525410950183868,1.8141214966773989,1.7213428497314451,10.045309662818909,1541.7759448289871,0.9201012849807739,0.8955145907402039,0.8735229992866516,0.9886803990602493,0.9129224634170532,0.9479738485813141,127.41283309029802,9.06599963361939,0.1080244698587596,0.0
1,5.525410950183868,1.8141214966773989,1.7213428497314451,10.045309662818909,1541.7759448289871,0.9201012849807739,0.8955145907402039,0.8735229992866516,0.9886803990602493,0.9129224634170532,0.9479738485813141,127.41283309029802,9.06599963361939,0.1080244698587596,0.0
2,5.525410950183868,1.8141214966773989,1.7213428497314451,10.045309662818909,1541.7759448289871,0.9201012849807739,0.8955145907402039,0.8735229992866516,0.9886803990602493,0.9129224634170532,0.9479738485813141,127.41283309029802,9.06599963361939,0.1080244698587596,0.0
3,5.1276001036167145,1.4239580839872361,1.4418797969818116,14.948335766792297,1735.5215728282928,0.8613924123346806,0.8310884606838226,0.850068479180336,0.9843220803141594,0.9102563595771789,0.915366358757019,123.02570700596665,11.541122261056339,0.06097265358023751,1.0
