,BPR,PR_fan,PR_LC,PR_HC,T4,eta_fan,eta_LC,eta_HC,eta_B,eta_HT,eta_LT,thrust,TSFC,error,valid_flag
0,5.277534246444702,2.041039490699768,1.3900105476379394,12.417306959629059,1583.4607362747192,0.9022203028202056,0.8345131140947342,0.8546245002746582,0.9806974825263023,0.9459686732292175,0.9095473539829254,148.05287866566013,9.190987806169305,0.18321311741093366,0.0
1,5.277534246444702,2.041039490699768,1.3900105476379394,12.417306959629059,1583.4607362747192,0.9022203028202056,0.8345131140947342,0.8546245002746582,0.9806974825263023,0.9459686732292175,0.9095473539829254,148.05287866566013,9.190987806169305,0.18321311741093366,0.0
2,5.277534246444702,2.041039490699768,1.3900105476379394,12.417306959629059,1583.4607362747192,0.9022203028202056,0.8345131140947342,0.8546245002746582,0.9806974825263023,0.9459686732292175,0.9095473539829254,148.05287866566013,9.190987806169305,0.18321311741093366,1.0
3,5.140501394867897,1.816581118106842,1.2530107021331787,10.260144352912903,1797.6231157779694,0.868055810034275,0.8373045918345451,0.8690079683065414,0.9677228596806526,0.8745161718130111,0.9206653845310211,141.39315521133275,11.929768194511079,0.10962268399063718,1.0
4,5.92111873626709,1.5814167082309722,1.4548547983169555,12.653158903121948,1722.1379458904266,0.8792501389980316,0.8510859322547912,0.8823808187246323,0.9669475108385086,0.9595325088500977,0.9412850272655486,126.66219484211751,10.357863160408286,0.06454758551411578,1.0
