,BPR,PR_fan,PR_LC,PR_HC,T4,eta_fan,eta_LC,eta_HC,eta_B,eta_HT,eta_LT,thrust,TSFC,error,valid_flag
0,5.440426081418991,2.0153529405593873,1.4565982341766357,12.715039908885956,1348.810239881277,0.858013442903757,0.8592579436302185,0.8787737959623336,0.9807505714893341,0.8835646694898606,0.9402377140522002,147.13785180203828,9.315842408878193,0.17428880977926167,0.0
1,5.440426081418991,2.0153529405593873,1.4565982341766357,12.715039908885956,1348.810239881277,0.858013442903757,0.8592579436302185,0.8787737959623336,0.9807505714893341,0.8835646694898606,0.9402377140522002,147.13785180203828,9.315842408878193,0.17428880977926167,0.0
2,5.440426081418991,2.0153529405593873,1.4565982341766357,12.715039908885956,1348.810239881277,0.858013442903757,0.8592579436302185,0.8787737959623336,0.9807505714893341,0.8835646694898606,0.9402377140522002,147.13785180203828,9.315842408878193,0.17428880977926167,1.0
3,5.484492510557175,1.547048670053482,1.6808495044708252,9.826443046331406,1684.731948375702,0.8671388417482376,0.8948087584972382,0.9131076419353484,0.9592151863873004,0.9205402946472168,0.935956437587738,126.87864548351376,11.267835653814625,0.02495598107899984,1.0
