,BPR,PR_fan,PR_LC,PR_HC,T4,eta_fan,eta_LC,eta_HC,eta_B,eta_HT,eta_LT,thrust,TSFC,error,valid_flag
0,5.39852049946785,1.7884335160255431,1.4082732439041137,11.660151779651642,1583.18253159523,0.9137699842453002,0.8465799224376678,0.8788333082199096,0.967313557267189,0.8937116658687592,0.8935254049301148,121.68486777722707,9.793160262944046,0.09225399611213533,0.0
1,5.39852049946785,1.7884335160255431,1.4082732439041137,11.660151779651642,1583.18253159523,0.9137699842453002,0.8465799224376678,0.8788333082199096,0.967313557267189,0.8937116658687592,0.8935254049301148,121.68486777722707,9.793160262944046,0.09225399611213533,0.0
2,5.867604196071625,1.476305890083313,1.9526075363159179,10.795159935951233,1783.1854403018951,0.9242664396762847,0.8853515815734864,0.9074210369586944,0.9943292197585106,0.9313937044143676,0.8927792918682098,125.63101022030808,10.967309477688488,0.04380455868958116,1.0
