,BPR,PR_fan,PR_LC,PR_HC,T4,eta_fan,eta_LC,eta_HC,eta_B,eta_HT,eta_LT,thrust,TSFC,error,valid_flag
0,5.590196013450623,2.198544454574585,1.654444122314453,12.273448526859283,1670.432823896408,0.9163203418254852,0.881402815580368,0.8891612404584884,0.960167589187622,0.9192734336853027,0.9371642422676086,156.33021932830897,9.351886743739506,0.19529090445512176,0.0
1,5.590196013450623,2.198544454574585,1.654444122314453,12.273448526859283,1670.432823896408,0.9163203418254852,0.881402815580368,0.8891612404584884,0.960167589187622,0.9192734336853027,0.9371642422676086,156.33021932830897,9.351886743739506,0.19529090445512176,0.0
2,5.960168182849884,1.6110042810440064,1.2815629482269286,11.045426845550537,1755.2087485790253,0.8538011491298675,0.9103879344463348,0.8847082102298736,0.9729556885361671,0.9581924355030059,0.9380338025093078,129.54673812758003,11.130787813083701,0.04771174646910805,1.0
