,BPR,PR_fan,PR_LC,PR_HC,T4,eta_fan,eta_LC,eta_HC,eta_B,eta_HT,eta_LT,thrust,TSFC,error,valid_flag
0,5.627831161022186,1.8224961400032043,1.5474899530410766,9.463216066360474,1604.0293753147125,0.9032882511615753,0.8597470146417617,0.8881379240751266,0.9724372886121273,0.9236257529258728,0.9328951668739318,125.97587895081234,9.668086403379952,0.08064426230940756,0.0
1,5.627831161022186,1.8224961400032043,1.5474899530410766,9.463216066360474,1604.0293753147125,0.9032882511615753,0.8597470146417617,0.8881379240751266,0.9724372886121273,0.9236257529258728,0.9328951668739318,125.97587895081234,9.668086403379952,0.08064426230940756,0.0
2,5.924792230129242,1.447739577293396,1.5848247051239013,13.286539137363434,1723.564225435257,0.9395310580730438,0.9166485619544983,0.891803582906723,0.9574425104260444,0.9451112127304077,0.89612184882164,120.65090126269625,11.087759571991839,0.060336504801746974,1.0
