,BPR,PR_fan,PR_LC,PR_HC,T4,eta_fan,eta_LC,eta_HC,eta_B,eta_HT,eta_LT,thrust,TSFC,error,valid_flag
0,5.274396687746048,2.0348192691802978,1.708331823348999,11.755491495132446,1421.7001676559448,0.8765396326780319,0.8341490161418914,0.8932443523406982,0.9657973527908325,0.9200766658782958,0.9160372895002364,150.39568367391584,9.558064184485271,0.1709816550768551,0.0
1,5.274396687746048,2.0348192691802978,1.708331823348999,11.755491495132446,1421.7001676559448,0.8765396326780319,0.8341490161418914,0.8932443523406982,0.9657973527908325,0.9200766658782958,0.9160372895002364,150.39568367391584,9.558064184485271,0.1709816550768551,0.0
2,5.274396687746048,2.0348192691802978,1.708331823348999,11.755491495132446,1421.7001676559448,0.8765396326780319,0.8341490161418914,0.8932443523406982,0.9657973527908325,0.9200766658782958,0.9160372895002364,150.39568367391584,9.558064184485271,0.1709816550768551,0.0
3,5.313635349273682,1.4444688200950624,1.2410382539033888,11.621260702610016,1639.9415910243988,0.8836880564689636,0.8305560690164565,0.8548685872554779,0.9852089849114418,0.9565055465698242,0.9014474403858185,121.34577447222699,11.479736921453929,0.06144487739444287,1.0
