,BPR,PR_fan,PR_LC,PR_HC,T4,eta_fan,eta_LC,eta_HC,eta_B,eta_HT,eta_LT,thrust,TSFC,error,valid_flag
0,5.484470993280411,1.8792852997779845,1.7043987274169923,10.472107648849487,1597.523021697998,0.8823819488286971,0.8471870106458663,0.884059345126152,0.9778043392300606,0.9016081994771957,0.918807343840599,128.9335950290523,9.725952786639173,0.08220558062437326,0.0
1,5.484470993280411,1.8792852997779845,1.7043987274169923,10.472107648849487,1597.523021697998,0.8823819488286971,0.8471870106458663,0.884059345126152,0.9778043392300606,0.9016081994771957,0.918807343840599,128.9335950290523,9.725952786639173,0.08220558062437326,0.0
2,5.484470993280411,1.8792852997779845,1.7043987274169923,10.472107648849487,1597.523021697998,0.8823819488286971,0.8471870106458663,0.884059345126152,0.9778043392300606,0.9016081994771957,0.918807343840599,128.9335950290523,9.725952786639173,0.08220558062437326,1.0
3,5.261350601911545,1.4225049167871475,1.36778666973114,10.431173384189606,1561.5150213241577,0.8637613400816917,0.8358544644713402,0.8478367918729782,0.9660447999835015,0.8979270195960998,0.9092543584108352,114.45753977900665,11.364886976729167,0.06636683868069096,1.0
