,BPR,PR_fan,PR_LC,PR_HC,T4,eta_fan,eta_LC,eta_HC,eta_B,eta_HT,eta_LT,thrust,TSFC,error,valid_flag
0,5.618160009384155,2.2424888372421266,1.7996922016143797,11.914010643959045,1545.225802063942,0.9143963932991027,0.9055699002742768,0.8796345525979995,0.966134869903326,0.8726515597105026,0.9226385366916656,157.36201344667165,9.5298638789845,0.19826063957484946,0.0
1,5.618160009384155,2.2424888372421266,1.7996922016143797,11.914010643959045,1545.225802063942,0.9143963932991027,0.9055699002742768,0.8796345525979995,0.966134869903326,0.8726515597105026,0.9226385366916656,157.36201344667165,9.5298638789845,0.19826063957484946,0.0
2,5.833398282527924,1.549290943145752,1.2127442359924316,10.318120896816254,1790.634948015213,0.9380322337150573,0.8403123092651367,0.9371558153629302,0.9847569307684898,0.9582693135738373,0.9429312062263489,132.36646713124554,12.106126715626251,0.09389510564253051,1.0
3,5.107395403087139,1.5342647790908814,1.8114551544189452,10.001575767993927,1766.7207896709442,0.8556067574769258,0.8364002671837807,0.9048375391960144,0.9773308971524238,0.8880942022800445,0.9641079914569854,132.23677153987134,11.856916673122381,0.08009305807840011,1.0
4,5.107395403087139,1.5342647790908814,1.8114551544189452,10.001575767993927,1766.7207896709442,0.8556067574769258,0.8364002671837807,0.9048375391960144,0.9773308971524238,0.8880942022800445,0.9641079914569854,132.23677153987134,11.856916673122381,0.08009305807840011,1.0
5,5.045212559401989,1.50258971452713,1.785874319076538,14.354625582695007,1684.557068347931,0.8802744925022125,0.869521404504776,0.8929741942882538,0.949186189873144,0.9358776128292083,0.8998827171325684,125.01505773888142,10.742037513140069,0.05847064703684266,1.0
