,BPR,PR_fan,PR_LC,PR_HC,T4,eta_fan,eta_LC,eta_HC,eta_B,eta_HT,eta_LT,thrust,TSFC,error,valid_flag
0,5.564946711063385,1.6780253171920776,1.3742191791534424,12.825459659099579,1460.9994322061539,0.9047593414783477,0.8752984356880188,0.9118142569065093,0.9626199570298195,0.9087360924482345,0.9055031877756119,116.60227503750453,9.299955976987995,0.13411223173849823,0.0
1,5.564946711063385,1.6780253171920776,1.3742191791534424,12.825459659099579,1460.9994322061539,0.9047593414783477,0.8752984356880188,0.9118142569065093,0.9626199570298195,0.9087360924482345,0.9055031877756119,116.60227503750453,9.299955976987995,0.13411223173849823,0.0
2,5.623824715614319,1.7833116054534912,1.5164320468902588,10.148651897907257,1752.425867319107,0.9229992568492889,0.8900325429439545,0.9388732516765594,0.9502149629592895,0.9473179256916046,0.919526047706604,138.80013845051806,10.976290386327383,0.0842106883835958,1.0
3,5.372174978256226,1.8726502299308776,1.2953924715518952,8.079817616380751,1586.7735922336578,0.88274807035923,0.8283478339016437,0.9350784444808959,0.9795586514472961,0.9403946673870086,0.8723250199854374,127.28936323851126,10.775489021023708,0.05223761624266179,1.0
