,BPR,PR_fan,PR_LC,PR_HC,T4,eta_fan,eta_LC,eta_HC,eta_B,eta_HT,eta_LT,thrust,TSFC,error,valid_flag
0,5.324610739946365,1.8632043480873108,1.7916813850402833,10.37878754734993,1588.0883812904358,0.8782450228929519,0.8784578216075897,0.8839336687326431,0.9654349286854267,0.8885581052303314,0.9017101836204529,127.76322527146728,10.095742864602133,0.06584841501665337,0.0
