,BPR,PR_fan,PR_LC,PR_HC,T4,eta_fan,eta_LC,eta_HC,eta_B,eta_HT,eta_LT,thrust,TSFC,error,valid_flag
0,5.552007615566254,2.1601110458374024,1.7716590404510497,10.742694407701492,1522.2861498594284,0.8669093251228333,0.8382273805141449,0.9031635248661041,0.977595140337944,0.9248466765880584,0.9127549451589584,152.71022129167335,9.455699276396386,0.18453861558510107,0.0
1,5.552007615566254,2.1601110458374024,1.7716590404510497,10.742694407701492,1522.2861498594284,0.8669093251228333,0.8382273805141449,0.9031635248661041,0.977595140337944,0.9248466765880584,0.9127549451589584,152.71022129167335,9.455699276396386,0.18453861558510107,0.0
2,5.807393372058868,1.8623120307922365,1.6348922729492188,12.248525559902191,1782.2525382041931,0.9339051127433776,0.870345629453659,0.9032429420948028,0.9832970044016838,0.9365975832939147,0.9661934208869933,141.26717300717976,9.42867919950879,0.144699637087926,1.0
3,5.622047245502472,1.6353070974349975,1.5376787424087524,8.258087698370218,1758.4237933158875,0.8649643033742904,0.8595066499710082,0.8833764070272445,0.9531869353726505,0.9182400321960449,0.9051648777723312,130.634823057764,12.084520353156813,0.07637297605104751,1.0
4,5.622047245502472,1.6353070974349975,1.5376787424087524,8.258087698370218,1758.4237933158875,0.8649643033742904,0.8595066499710082,0.8833764070272445,0.9531869353726505,0.9182400321960449,0.9051648777723312,130.634823057764,12.084520353156813,0.07637297605104751,1.0
5,5.300347119569778,1.5269931852817535,1.9910356521606445,9.795091152191162,1722.094076871872,0.8502771472092717,0.9005341184139252,0.9081924521923065,0.9729335415363312,0.9283923900127411,0.9616285455226898,129.1981573223507,11.165708749545471,0.04334205845332318,1.0
