,BPR,PR_fan,PR_LC,PR_HC,T4,eta_fan,eta_LC,eta_HC,eta_B,eta_HT,eta_LT,thrust,TSFC,error,valid_flag
0,5.585856139659882,2.3698318243026733,1.744610643386841,10.746884256601334,1591.182518005371,0.9090385913848876,0.8606763404607772,0.8687761628627777,0.9792372584342957,0.9131816065311431,0.9323289287090302,161.23012679532226,9.448761677296632,0.20891798245725945,0.0
1,5.585856139659882,2.3698318243026733,1.744610643386841,10.746884256601334,1591.182518005371,0.9090385913848876,0.8606763404607772,0.8687761628627777,0.9792372584342957,0.9131816065311431,0.9323289287090302,161.23012679532226,9.448761677296632,0.20891798245725945,0.0
2,5.871413469314575,1.7493532657623292,1.796441650390625,14.35217434167862,1774.794864654541,0.9147811532020569,0.8954595756530762,0.8898350858688354,0.9906376686692238,0.9359015381336212,0.9370423448085785,134.62345038143255,8.984749316824722,0.13786002554866517,1.0
3,5.923149526119232,1.3177856028079986,1.9551791667938232,10.416469693183899,1735.0959658622742,0.8939128398895263,0.844306035041809,0.902708956003189,0.9619988633692265,0.902410409450531,0.8808131594955921,111.407033488805,12.374449246039145,0.1372800544199907,1.0
4,5.618274390697479,1.4298516303300859,1.615628433227539,8.896040305495262,1656.3297390937805,0.9108813881874084,0.9203573894500733,0.9202278161048889,0.9893281498551368,0.8992399102449417,0.9030379694700241,120.86950615123837,11.645672386426073,0.06933599937111026,1.0
