,BPR,PR_fan,PR_LC,PR_HC,T4,eta_fan,eta_LC,eta_HC,eta_B,eta_HT,eta_LT,thrust,TSFC,error,valid_flag
0,5.487988144159317,1.914051628112793,1.3004504919052124,10.961409360170364,1646.642404794693,0.9160506665706634,0.8455373358726501,0.9036998653411865,0.9702350287139415,0.8994701063632965,0.9005573463439941,130.41820990100268,10.159930651570564,0.07605777325552503,0.0
1,5.487988144159317,1.914051628112793,1.3004504919052124,10.961409360170364,1646.642404794693,0.9160506665706634,0.8455373358726501,0.9036998653411865,0.9702350287139415,0.8994701063632965,0.9005573463439941,130.41820990100268,10.159930651570564,0.07605777325552503,0.0
2,5.761338174343109,1.5805856704711914,1.4135848522186278,9.628249049186707,1672.5248873233795,0.9431909501552581,0.8214830112457275,0.9330294454097747,0.9686253425478935,0.9020881628990173,0.95472700715065,128.17479376961097,11.055001581129842,0.04375603271648763,1.0
