,BPR,PR_fan,PR_LC,PR_HC,T4,eta_fan,eta_LC,eta_HC,eta_B,eta_HT,eta_LT,thrust,TSFC,error,valid_flag
0,5.6639047265052795,2.0010475397109984,1.7101812362670898,11.557458341121674,1547.258022427559,0.8789765655994415,0.8517862123250961,0.9001129233837127,0.9638161779940128,0.9061721748113631,0.9438461673259735,147.40023149774782,9.201865580507137,0.17259307927720424,0.0
1,5.6639047265052795,2.0010475397109984,1.7101812362670898,11.557458341121674,1547.258022427559,0.8789765655994415,0.8517862123250961,0.9001129233837127,0.9638161779940128,0.9061721748113631,0.9438461673259735,147.40023149774782,9.201865580507137,0.17259307927720424,0.0
2,5.6639047265052795,2.0010475397109984,1.7101812362670898,11.557458341121674,1547.258022427559,0.8789765655994415,0.8517862123250961,0.9001129233837127,0.9638161779940128,0.9061721748113631,0.9438461673259735,147.40023149774782,9.201865580507137,0.17259307927720424,0.0
3,5.220168322324753,1.8237752318382263,1.7009640693664552,7.933324836194515,1757.1003317832947,0.9361957192420959,0.8370097470283508,0.8504112014174461,0.9703275850415229,0.8940529203414916,0.875778944119811,138.4239139774202,11.261416917130417,0.07546876948150547,1.0
4,5.498393714427948,1.5782951891422272,1.754546880722046,8.04195757303387,1714.1656756401062,0.9094079911708831,0.8735275280475616,0.9092045748233795,0.9844192889332771,0.9576813077926636,0.9221925628185272,131.43152995893047,11.30316073984463,0.04728538064105309,1.0
