,BPR,PR_fan,PR_LC,PR_HC,T4,eta_fan,eta_LC,eta_HC,eta_B,eta_HT,eta_LT,thrust,TSFC,error,valid_flag
0,5.22863906621933,1.8137396931648255,1.5588010549545288,11.760280072689056,1640.96559882164,0.9221762061119079,0.8475094717741012,0.8611526215076446,0.9846734443306923,0.9069330519437789,0.8933522832393647,127.66747791184966,9.61758909549202,0.08974945847577559,0.0
1,5.22863906621933,1.8137396931648255,1.5588010549545288,11.760280072689056,1640.96559882164,0.9221762061119079,0.8475094717741012,0.8611526215076446,0.9846734443306923,0.9069330519437789,0.8933522832393647,127.66747791184966,9.61758909549202,0.08974945847577559,0.0
2,5.6638506054878235,1.4709406852722169,1.8105230808258057,11.09504121541977,1672.6910948753357,0.9499957799911498,0.8712543857097625,0.9129694247245788,0.9810165125131607,0.9039893066883087,0.9618218910694122,122.98148916050359,10.522655526541493,0.06836713660231802,1.0
