,BPR,PR_fan,PR_LC,PR_HC,T4,eta_fan,eta_LC,eta_HC,eta_B,eta_HT,eta_LT,thrust,TSFC,error,valid_flag
0,5.362336248159409,1.886513960361481,1.4895407915115357,12.616164982318878,1518.003287911415,0.9191157042980194,0.8512661588191985,0.88294373691082,0.9778958454728126,0.919305191040039,0.9230442595481873,132.46812105963193,9.501413212683367,0.10549560473568437,0.0
1,5.362336248159409,1.886513960361481,1.4895407915115357,12.616164982318878,1518.003287911415,0.9191157042980194,0.8512661588191985,0.88294373691082,0.9778958454728126,0.919305191040039,0.9230442595481873,132.46812105963193,9.501413212683367,0.10549560473568437,0.0
2,5.362336248159409,1.886513960361481,1.4895407915115357,12.616164982318878,1518.003287911415,0.9191157042980194,0.8512661588191985,0.88294373691082,0.9778958454728126,0.919305191040039,0.9230442595481873,132.46812105963193,9.501413212683367,0.10549560473568437,0.0
3,5.36083659529686,1.6522516846656798,1.2177067577838898,14.237188816070557,1695.148903131485,0.8665044218301773,0.8735763621330261,0.9297304832935332,0.9597929663956165,0.865052712187171,0.9468570899963379,131.773173608038,10.965806886702113,0.06252396328709556,1.0
