,BPR,PR_fan,PR_LC,PR_HC,T4,eta_fan,eta_LC,eta_HC,eta_B,eta_HT,eta_LT,thrust,TSFC,error,valid_flag
0,5.497444361448288,1.950688672065735,1.561259913444519,11.788739919662476,1437.1605098247528,0.8911531716585159,0.8781801176071167,0.900101592540741,0.9628677716851234,0.9049856430292129,0.8999966484308243,130.7186092350574,9.952514532198204,0.08007174090464866,0.0
1,5.497444361448288,1.950688672065735,1.561259913444519,11.788739919662476,1437.1605098247528,0.8911531716585159,0.8781801176071167,0.900101592540741,0.9628677716851234,0.9049856430292129,0.8999966484308243,130.7186092350574,9.952514532198204,0.08007174090464866,0.0
2,5.497444361448288,1.950688672065735,1.561259913444519,11.788739919662476,1437.1605098247528,0.8911531716585159,0.8781801176071167,0.900101592540741,0.9628677716851234,0.9049856430292129,0.8999966484308243,130.7186092350574,9.952514532198204,0.08007174090464866,0.0
3,5.497444361448288,1.950688672065735,1.561259913444519,11.788739919662476,1437.1605098247528,0.8911531716585159,0.8781801176071167,0.900101592540741,0.9628677716851234,0.9049856430292129,0.8999966484308243,130.7186092350574,9.952514532198204,0.08007174090464866,1.0
4,5.753102660179138,1.502458965778351,1.5065506935119628,8.377351839095354,1711.6338789463043,0.8512711435556412,0.8533781242370605,0.9275149130821227,0.9739163297414779,0.8894494360685349,0.9171453011035919,124.09857678438688,12.079021520972764,0.0756971911006897,1.0
5,5.753102660179138,1.502458965778351,1.5065506935119628,8.377351839095354,1711.6338789463043,0.8512711435556412,0.8533781242370605,0.9275149130821227,0.9739163297414779,0.8894494360685349,0.9171453011035919,124.09857678438688,12.079021520972764,0.0756971911006897,1.0
6,5.457875519990921,1.6722916126251222,1.889267349243164,9.247453033924103,1723.2977032661438,0.8583983294665813,0.8502731424570084,0.8733829522132873,0.9664166869223118,0.9106336629390717,0.8799245771765709,128.87570428663128,10.747115999462006,0.053835841382080266,1.0
