,BPR,PR_fan,PR_LC,PR_HC,T4,eta_fan,eta_LC,eta_HC,eta_B,eta_HT,eta_LT,thrust,TSFC,error,valid_flag
0,5.716751277446747,2.141355538368225,1.4535717248916626,12.218683004379272,1407.4334532022476,0.8793729484081269,0.8708755505084992,0.909103330373764,0.9818496468663216,0.897588632106781,0.8829665344953537,145.05064821504166,9.347875713168813,0.16533469854407723,0.0
1,5.716751277446747,2.141355538368225,1.4535717248916626,12.218683004379272,1407.4334532022476,0.8793729484081269,0.8708755505084992,0.909103330373764,0.9818496468663216,0.897588632106781,0.8829665344953537,145.05064821504166,9.347875713168813,0.16533469854407723,0.0
2,5.716751277446747,2.141355538368225,1.4535717248916626,12.218683004379272,1407.4334532022476,0.8793729484081269,0.8708755505084992,0.909103330373764,0.9818496468663216,0.897588632106781,0.8829665344953537,145.05064821504166,9.347875713168813,0.16533469854407723,0.0
3,5.566448748111725,1.7539963126182556,1.268153190612793,11.801915287971497,1769.5944488048553,0.8619992822408676,0.8284944866597652,0.9148294711112975,0.9580370213836431,0.9369265234470368,0.9140221160650253,136.6749740223721,11.232948081095856,0.06646277869361417,1.0
