,BPR,PR_fan,PR_LC,PR_HC,T4,eta_fan,eta_LC,eta_HC,eta_B,eta_HT,eta_LT,thrust,TSFC,error,valid_flag
0,5.2637298703193665,1.9291425228118897,1.7414140701293945,9.611768156290054,1682.8916549682617,0.9098300695419311,0.8581574153900147,0.900154402256012,0.9789862895011902,0.8867503529787063,0.9400893104076385,135.33540633930784,9.881353155442026,0.1074826395041222,0.0
1,5.2637298703193665,1.9291425228118897,1.7414140701293945,9.611768156290054,1682.8916549682617,0.9098300695419311,0.8581574153900147,0.900154402256012,0.9789862895011902,0.8867503529787063,0.9400893104076385,135.33540633930784,9.881353155442026,0.1074826395041222,0.0
2,5.2637298703193665,1.9291425228118897,1.7414140701293945,9.611768156290054,1682.8916549682617,0.9098300695419311,0.8581574153900147,0.900154402256012,0.9789862895011902,0.8867503529787063,0.9400893104076385,135.33540633930784,9.881353155442026,0.1074826395041222,0.0
3,5.743399143218994,1.5310607552528381,1.4055879354476928,8.664343737065792,1668.8812255859375,0.9385860979557037,0.8212305391021072,0.8495495097339153,0.9826166620850563,0.8993562525510788,0.8746744879335165,122.51035111165397,11.347363920767746,0.05375044282878913,1.0
