,BPR,PR_fan,PR_LC,PR_HC,T4,eta_fan,eta_LC,eta_HC,eta_B,eta_HT,eta_LT,thrust,TSFC,error,valid_flag
0,5.480834096670151,1.6057642102241516,1.618885087966919,11.59428995847702,1595.5769300460815,0.917383074760437,0.87323686003685,0.860519083738327,0.9673628991842269,0.8935865020751953,0.8801579569280148,120.45905747180869,9.73655617994074,0.10359476591331199,0.0
1,5.480834096670151,1.6057642102241516,1.618885087966919,11.59428995847702,1595.5769300460815,0.917383074760437,0.87323686003685,0.860519083738327,0.9673628991842269,0.8935865020751953,0.8801579569280148,120.45905747180869,9.73655617994074,0.10359476591331199,0.0
2,5.928761124610901,1.5799010276794434,1.8229689598083496,13.000439047813416,1717.9053604602814,0.9454434335231781,0.9130445671081543,0.8920980715751647,0.9791437727212906,0.8974716460704804,0.8764117550849915,125.1882607030773,9.732070751297186,0.0976203755832271,1.0
3,5.928761124610901,1.5799010276794434,1.8229689598083496,13.000439047813416,1717.9053604602814,0.9454434335231781,0.9130445671081543,0.8920980715751647,0.9791437727212906,0.8974716460704804,0.8764117550849915,125.1882607030773,9.732070751297186,0.0976203755832271,1.0
4,5.891032934188843,1.5257798075675963,1.2915997087955475,11.764561712741852,1767.608094215393,0.9097330868244171,0.8494556468725204,0.9186724328994751,0.9776855897903443,0.9554608619213104,0.8932074648141861,128.12330392018265,11.627643337971048,0.05253311504057508,1.0
