,BPR,PR_fan,PR_LC,PR_HC,T4,eta_fan,eta_LC,eta_HC,eta_B,eta_HT,eta_LT,thrust,TSFC,error,valid_flag
0,5.453603059053421,1.7329649329185486,1.4195560216903687,11.203390032052994,1475.810992717743,0.8854787409305572,0.9079207730293274,0.921381595134735,0.9642880107462406,0.9256110644340515,0.9127504152059555,117.73746073595898,9.336924419798596,0.13187755433093837,0.0
1,5.453603059053421,1.7329649329185486,1.4195560216903687,11.203390032052994,1475.810992717743,0.8854787409305572,0.9079207730293274,0.921381595134735,0.9642880107462406,0.9256110644340515,0.9127504152059555,117.73746073595898,9.336924419798596,0.13187755433093837,0.0
2,5.6827884912490845,1.4764554500579834,1.804678773880005,13.438758492469788,1758.5611820220947,0.8957425653934479,0.8792063188552857,0.9293815040588378,0.9781067126989365,0.9413023269176483,0.87336052775383,124.97855094772693,10.874009683726804,0.05025725389662672,1.0
