,BPR,PR_fan,PR_LC,PR_HC,T4,eta_fan,eta_LC,eta_HC,eta_B,eta_HT,eta_LT,thrust,TSFC,error,valid_flag
0,5.797826766967773,1.9015440225601197,1.8792498111724854,10.262272030115128,1650.9248197078705,0.8942207545042038,0.8640296202898026,0.9188479149341583,0.9814017876982689,0.9223345553874969,0.9506650340557098,135.82961259072357,9.017035097277212,0.14118844335272138,0.0
1,5.797826766967773,1.9015440225601197,1.8792498111724854,10.262272030115128,1650.9248197078705,0.8942207545042038,0.8640296202898026,0.9188479149341583,0.9814017876982689,0.9223345553874969,0.9506650340557098,135.82961259072357,9.017035097277212,0.14118844335272138,0.0
2,5.797826766967773,1.9015440225601197,1.8792498111724854,10.262272030115128,1650.9248197078705,0.8942207545042038,0.8640296202898026,0.9188479149341583,0.9814017876982689,0.9223345553874969,0.9506650340557098,135.82961259072357,9.017035097277212,0.14118844335272138,0.0
3,5.37715157866478,1.7528036952018737,1.291398113965988,8.679838918149471,1526.2897044420242,0.9118614435195922,0.8502174448966979,0.8520112016797066,0.9625684358179569,0.8935243165493011,0.8801032942533493,116.92200018861975,10.696101620912236,0.07668305841585096,1.0
4,5.118529565632343,1.4969085276126861,1.5535534858703612,10.336830854415894,1677.3915767669678,0.861295311897993,0.9012047183513642,0.9160296046733856,0.9692697942256927,0.8908889627456665,0.9039077800512314,126.8012611799542,11.954144064838925,0.056106366231372634,1.0
