,BPR,PR_fan,PR_LC,PR_HC,T4,eta_fan,eta_LC,eta_HC,eta_B,eta_HT,eta_LT,thrust,TSFC,error,valid_flag
0,5.677850842475891,1.5020082116127014,1.4988813638687133,11.54430216550827,1557.1048438549042,0.8912773936986923,0.8622514706850052,0.8604861640930176,0.97524478495121,0.8969244515895843,0.8877510529756546,114.3932895022159,9.81660642889309,0.12154155280128214,0.0
1,5.677850842475891,1.5020082116127014,1.4988813638687133,11.54430216550827,1557.1048438549042,0.8912773936986923,0.8622514706850052,0.8604861640930176,0.97524478495121,0.8969244515895843,0.8877510529756546,114.3932895022159,9.81660642889309,0.12154155280128214,0.0
2,5.677850842475891,1.5020082116127014,1.4988813638687133,11.54430216550827,1557.1048438549042,0.8912773936986923,0.8622514706850052,0.8604861640930176,0.97524478495121,0.8969244515895843,0.8877510529756546,114.3932895022159,9.81660642889309,0.12154155280128214,0.0
3,5.38793808221817,1.6154398679733277,1.3312208890914916,14.561721861362457,1704.0022194385529,0.9063435196876526,0.8430434462428092,0.9227963948249817,0.9522611518204211,0.9126341021060943,0.8817935471236705,130.2220681730085,10.946938538527334,0.05501234607872635,1.0
