,BPR,PR_fan,PR_LC,PR_HC,T4,eta_fan,eta_LC,eta_HC,eta_B,eta_HT,eta_LT,thrust,TSFC,error,valid_flag
0,5.64693558216095,1.9910610675811768,1.628674077987671,10.128059387207031,1585.329520702362,0.8863825768232345,0.8615352433919906,0.9053959572315216,0.9866270473599433,0.8836316442489623,0.9108293038606643,139.64506452735773,8.92153985467765,0.15787404353175694,0.0
1,5.64693558216095,1.9910610675811768,1.628674077987671,10.128059387207031,1585.329520702362,0.8863825768232345,0.8615352433919906,0.9053959572315216,0.9866270473599433,0.8836316442489623,0.9108293038606643,139.64506452735773,8.92153985467765,0.15787404353175694,0.0
2,5.64693558216095,1.9910610675811768,1.628674077987671,10.128059387207031,1585.329520702362,0.8863825768232345,0.8615352433919906,0.9053959572315216,0.9866270473599433,0.8836316442489623,0.9108293038606643,139.64506452735773,8.92153985467765,0.15787404353175694,1.0
3,5.279812783002853,1.6375388383865357,1.3276259183883667,8.175252767279744,1498.0865150690079,0.9015453934669494,0.8368722122907638,0.859528117775917,0.9608526032418012,0.8826042747497559,0.8777821634709835,114.25327813917765,11.064917521567342,0.06743845949959221,1.0
