,BPR,PR_fan,PR_LC,PR_HC,T4,eta_fan,eta_LC,eta_HC,eta_B,eta_HT,eta_LT,thrust,TSFC,error,valid_flag
0,5.7896193861961365,1.6057196497917174,1.8069031715393067,13.820316791534424,1748.9650130271912,0.9202194213867188,0.8746353161334991,0.9007256531715393,0.9846334525942803,0.9228980159759521,0.9172176104784011,129.185456594851,9.659100281319823,0.09210076913724928,0.0
1,5.7896193861961365,1.6057196497917174,1.8069031715393067,13.820316791534424,1748.9650130271912,0.9202194213867188,0.8746353161334991,0.9007256531715393,0.9846334525942803,0.9228980159759521,0.9172176104784011,129.185456594851,9.659100281319823,0.09210076913724928,0.0
2,5.7896193861961365,1.6057196497917174,1.8069031715393067,13.820316791534424,1748.9650130271912,0.9202194213867188,0.8746353161334991,0.9007256531715393,0.9846334525942803,0.9228980159759521,0.9172176104784011,129.185456594851,9.659100281319823,0.09210076913724928,0.0
3,5.43094676733017,1.7367459893226624,1.3611046075820923,10.150887846946716,1690.3693854808807,0.858410032093525,0.8647534173727035,0.8523594507575035,0.9525529545359313,0.8880150353908539,0.9248279523849487,126.3964712406788,11.341987244181425,0.027683268010764067,1.0
