,BPR,PR_fan,PR_LC,PR_HC,T4,eta_fan,eta_LC,eta_HC,eta_B,eta_HT,eta_LT,thrust,TSFC,error,valid_flag
0,5.665670394897461,2.1888201236724854,1.7297213077545166,12.084346652030945,1477.3620694875717,0.8933668822050094,0.870413978099823,0.9107389056682587,0.9848607805371284,0.9312226688861847,0.9432836842536926,161.3227734700761,8.872990324770337,0.22853222370476847,0.0
1,5.665670394897461,2.1888201236724854,1.7297213077545166,12.084346652030945,1477.3620694875717,0.8933668822050094,0.870413978099823,0.9107389056682587,0.9848607805371284,0.9312226688861847,0.9432836842536926,161.3227734700761,8.872990324770337,0.22853222370476847,0.0
2,5.665670394897461,2.1888201236724854,1.7297213077545166,12.084346652030945,1477.3620694875717,0.8933668822050094,0.870413978099823,0.9107389056682587,0.9848607805371284,0.9312226688861847,0.9432836842536926,161.3227734700761,8.872990324770337,0.22853222370476847,0.0
3,5.025456298142672,1.5030279159545898,1.774279737472534,8.200017498806119,1615.5280649662018,0.9471149861812591,0.8713916254043579,0.9157456243038177,0.9577368050813675,0.8900338119268417,0.8844216924905777,125.52902940185683,11.886687364939881,0.06512793924928459,1.0
