,BPR,PR_fan,PR_LC,PR_HC,T4,eta_fan,eta_LC,eta_HC,eta_B,eta_HT,eta_LT,thrust,TSFC,error,valid_flag
0,5.29013791680336,1.7517947196960448,1.7037016868591308,13.185608506202698,1471.6983020305634,0.8995671957731246,0.8508681011199951,0.9235212469100952,0.9825104653835296,0.9114843583106994,0.8893519920110703,131.71635766859634,9.3329148059749,0.11699778270026459,0.0
1,5.29013791680336,1.7517947196960448,1.7037016868591308,13.185608506202698,1471.6983020305634,0.8995671957731246,0.8508681011199951,0.9235212469100952,0.9825104653835296,0.9114843583106994,0.8893519920110703,131.71635766859634,9.3329148059749,0.11699778270026459,0.0
2,5.29013791680336,1.7517947196960448,1.7037016868591308,13.185608506202698,1471.6983020305634,0.8995671957731246,0.8508681011199951,0.9235212469100952,0.9825104653835296,0.9114843583106994,0.8893519920110703,131.71635766859634,9.3329148059749,0.11699778270026459,1.0
3,5.034846805036068,1.764142143726349,1.2845307052135466,8.234324768185616,1585.3995263576508,0.9288290739059448,0.8433210176229476,0.841391181256622,0.9521470853500068,0.9592775559425354,0.8978606623411178,127.80733695427114,11.395164121825536,0.043384421527454045,1.0
