,BPR,PR_fan,PR_LC,PR_HC,T4,eta_fan,eta_LC,eta_HC,eta_B,eta_HT,eta_LT,thrust,TSFC,error,valid_flag
0,5.317703008651733,1.7628134131431579,1.6178138256072998,12.481426000595093,1686.5075707435608,0.9141794502735138,0.8704345774650574,0.9034754300117492,0.984675732254982,0.8845690196752548,0.9114571017026901,134.06956017897073,9.645665358144157,0.11041133878166313,0.0
1,5.317703008651733,1.7628134131431579,1.6178138256072998,12.481426000595093,1686.5075707435608,0.9141794502735138,0.8704345774650574,0.9034754300117492,0.984675732254982,0.8845690196752548,0.9114571017026901,134.06956017897073,9.645665358144157,0.11041133878166313,0.0
2,5.317703008651733,1.7628134131431579,1.6178138256072998,12.481426000595093,1686.5075707435608,0.9141794502735138,0.8704345774650574,0.9034754300117492,0.984675732254982,0.8845690196752548,0.9114571017026901,134.06956017897073,9.645665358144157,0.11041133878166313,0.0
3,5.017643336206675,1.6935489416122436,1.5128662109375,10.565537065267563,1749.4931399822235,0.9110477447509765,0.8225750529021024,0.8704892361164093,0.9496195572335273,0.9187211370468139,0.8720803265273571,135.91936997991044,11.813221914707361,0.08844223984064555,1.0
4,5.263076901435852,1.7572469353675841,1.2283157587051392,8.268486123532057,1597.219842672348,0.8897964268922806,0.8357536581158638,0.8940443420410156,0.9804295781254768,0.8788452795147895,0.880279904305935,125.71133232029966,11.34078875264692,0.031171521502485745,1.0
