,BPR,PR_fan,PR_LC,PR_HC,T4,eta_fan,eta_LC,eta_HC,eta_B,eta_HT,eta_LT,thrust,TSFC,error,valid_flag
0,5.594034433364868,1.7659595727920532,1.7956518173217773,11.751112639904022,1470.484945178032,0.884035462141037,0.8799331617355347,0.8737942749261856,0.9656234987080097,0.9353374874591827,0.9429721009731292,131.74717948330652,9.439939440246816,0.10943623370525624,0.0
1,5.594034433364868,1.7659595727920532,1.7956518173217773,11.751112639904022,1470.484945178032,0.884035462141037,0.8799331617355347,0.8737942749261856,0.9656234987080097,0.9353374874591827,0.9429721009731292,131.74717948330652,9.439939440246816,0.10943623370525624,0.0
2,5.594034433364868,1.7659595727920532,1.7956518173217773,11.751112639904022,1470.484945178032,0.884035462141037,0.8799331617355347,0.8737942749261856,0.9656234987080097,0.9353374874591827,0.9429721009731292,131.74717948330652,9.439939440246816,0.10943623370525624,1.0
3,5.066129207611084,1.4588046908378602,1.9038400173187255,8.431873958557844,1625.3228962421417,0.9316753983497619,0.8577907514572143,0.8924517476558684,0.9575162282586097,0.8663917808234691,0.8933514532446861,121.75293760128272,11.890147952922064,0.07798128991734776,1.0
4,5.0737201645970345,1.3896155178546905,1.4594687461853026,14.59594076871872,1657.4327528476715,0.9350531756877899,0.8547643852233886,0.8807088875770568,0.9624942687153816,0.9222894942760467,0.9563562047481536,120.44762666639843,11.57121618372175,0.06973710254859258,1.0
