,BPR,PR_fan,PR_LC,PR_HC,T4,eta_fan,eta_LC,eta_HC,eta_B,eta_HT,eta_LT,thrust,TSFC,error,valid_flag
0,5.912176847457886,1.9627066135406495,1.419337224960327,13.034896194934845,1604.9331307411194,0.922392076253891,0.884277857542038,0.9047801399230957,0.9816740265488625,0.9399000084400176,0.9096477222442627,143.03369761956722,8.48198438766472,0.186405247330823,0.0
1,5.912176847457886,1.9627066135406495,1.419337224960327,13.034896194934845,1604.9331307411194,0.922392076253891,0.884277857542038,0.9047801399230957,0.9816740265488625,0.9399000084400176,0.9096477222442627,143.03369761956722,8.48198438766472,0.186405247330823,0.0
2,5.02333390712738,1.3930442571640016,1.940890407562256,10.73508471250534,1796.0579574108124,0.8513120293617248,0.9137518894672394,0.9237991774082184,0.9791791215538979,0.8681160187721252,0.90519686460495,126.75850664218157,13.081811113196949,0.11499979085200887,1.0
3,5.60080760717392,1.4706382393836976,1.3643241286277772,9.419442117214203,1634.603875875473,0.8883130133152007,0.8646286976337433,0.9353201711177825,0.9942906549572945,0.9343283212184905,0.9670829069614411,123.72163335750115,11.305736230276272,0.046204205313329125,1.0
