,BPR,PR_fan,PR_LC,PR_HC,T4,eta_fan,eta_LC,eta_HC,eta_B,eta_HT,eta_LT,thrust,TSFC,error,est_error,state_loss,error_loss
0,5.6474180817604065,1.3140300273895265,1.5633063316345215,12.881236553192139,1554.1312873363495,0.9129402756690979,0.8969939422607422,0.9168953800201416,0.9609217995405197,0.9080186641216278,0.88632239818573,107.35283873737926,11.061072412686196,inf,0.11619262397289276,0.15451642870903015,0.004104016814380884
1,5.6474180817604065,1.3140300273895265,1.5633063316345215,12.881236553192139,1554.1312873363495,0.9129402756690979,0.8969939422607422,0.9168953800201416,0.9609217995405197,0.9080186641216278,0.88632239818573,107.35283873737926,11.061072412686196,inf,0.07941177487373352,0.15423530340194702,0.0006788942264392972
2,5.489402562379837,1.5860682666301726,1.741407299041748,9.774481117725372,1781.0234010219574,0.9322683691978454,0.8231043939292431,0.9201324307918548,0.953213996514678,0.8730481407046318,0.899486620426178,131.60689671694556,11.952029956699619,0.08156535960549119,0.07818661630153656,0.15093480050563812,0.00022536409960594028
