,BPR,PR_fan,PR_LC,PR_HC,T4,eta_fan,eta_LC,eta_HC,eta_B,eta_HT,eta_LT,thrust,TSFC,error,est_error,state_loss,error_loss
0,5.14908242225647,2.270798587799072,1.3778815269470215,11.693874597549438,1786.8158102035522,0.8762072324752808,0.8993094396591187,0.8896079504489898,0.955249659717083,0.9360668516159057,0.9139838469028473,151.91690541386188,9.949461185429678,inf,0.11492376774549484,0.1466675102710724,0.004785879049450159
1,5.14908242225647,2.270798587799072,1.3778815269470215,11.693874597549438,1786.8158102035522,0.8762072324752808,0.8993094396591187,0.8896079504489898,0.955249659717083,0.9360668516159057,0.9139838469028473,151.91690541386188,9.949461185429678,inf,0.07474728673696518,0.14703893661499023,0.0008783176890574396
2,5.37715157866478,1.7528036952018737,1.291398113965988,8.679838918149471,1526.2897044420242,0.9118614435195922,0.8502174448966979,0.8520112016797066,0.9625684358179569,0.8935243165493011,0.8801032942533493,116.92200018861975,10.696101620912236,0.07668305841585096,0.06345430016517639,0.1446598321199417,0.00019296460959594697
