,BPR,PR_fan,PR_LC,PR_HC,T4,eta_fan,eta_LC,eta_HC,eta_B,eta_HT,eta_LT,thrust,TSFC,error,est_error,state_loss,error_loss
0,5.311063349246979,2.2019200325012207,1.3190590858459472,12.040773808956146,1372.5866258144379,0.9116386115550994,0.8919865441322327,0.9298767471313476,0.9832081186771393,0.8735599851608277,0.8718638849258423,142.38779893875423,9.42141882310545,inf,0.1168803721666336,0.1554572880268097,0.0042009903118014336
1,5.311063349246979,2.2019200325012207,1.3190590858459472,12.040773808956146,1372.5866258144379,0.9116386115550994,0.8919865441322327,0.9298767471313476,0.9832081186771393,0.8735599851608277,0.8718638849258423,142.38779893875423,9.42141882310545,inf,0.07967734336853027,0.15709345042705536,0.0007045697420835495
2,5.080912455916405,1.3728008702397347,1.483363103866577,9.271474048495293,1492.9992586374283,0.8752327889204025,0.8942184102535248,0.8789275670051574,0.9756458127498626,0.9507515406608581,0.8878010568022728,112.93869022971609,11.256151954659977,0.07922716921456417,0.0689193457365036,0.15557622909545898,0.0001309891085838899
3,5.428599089384079,1.3924638360738755,1.7872821807861328,14.27054113149643,1755.177515745163,0.931074160337448,0.843928190767765,0.9325586581230163,0.9563438628613948,0.944606510400772,0.8857035499811172,121.69968933623016,11.861319076250808,0.08096067829841203,0.06307830661535263,0.14231643080711365,5.944287113379687e-05
