,BPR,PR_fan,PR_LC,PR_HC,T4,eta_fan,eta_LC,eta_HC,eta_B,eta_HT,eta_LT,thrust,TSFC,error,est_error,state_loss,error_loss
0,5.434092223644257,2.279052996635437,1.9628183364868164,8.543575942516327,1358.9776635169983,0.9055959999561309,0.9085893046855926,0.8674499237537384,0.9541136422753334,0.8934196209907531,0.8721581411361694,144.96553337052134,10.226914180326991,inf,0.11701403558254242,0.14982715249061584,0.004514539614319801
1,5.434092223644257,2.279052996635437,1.9628183364868164,8.543575942516327,1358.9776635169983,0.9055959999561309,0.9085893046855926,0.8674499237537384,0.9541136422753334,0.8934196209907531,0.8721581411361694,144.96553337052134,10.226914180326991,inf,0.06592731177806854,0.14768362045288086,0.0007705491152592003
