,BPR,PR_fan,PR_LC,PR_HC,T4,eta_fan,eta_LC,eta_HC,eta_B,eta_HT,eta_LT,thrust,TSFC,error,est_error,state_loss,error_loss
0,5.006520688533783,1.6387474060058593,1.2496393680572508,10.696383893489838,1671.4508414268494,0.9412713587284087,0.8435087096691132,0.8878207826614379,0.9777815055847168,0.9163685715198516,0.9016334068775177,134.83068299475,11.475046650427894,inf,0.11476479470729828,0.15002354979515076,0.004609487485140562
1,5.006520688533783,1.6387474060058593,1.2496393680572508,10.696383893489838,1671.4508414268494,0.9412713587284087,0.8435087096691132,0.8878207826614379,0.9777815055847168,0.9163685715198516,0.9016334068775177,134.83068299475,11.475046650427894,inf,0.06929381191730499,0.15125146508216858,0.0008363953093066812
