,BPR,PR_fan,PR_LC,PR_HC,T4,eta_fan,eta_LC,eta_HC,eta_B,eta_HT,eta_LT,thrust,TSFC,error,est_error,state_loss,error_loss
0,5.304052114486694,2.124056005477905,1.8251679420471192,12.015832483768463,1690.1047706604004,0.9477567613124847,0.8629559171199799,0.8810524427890777,0.9716133207082748,0.9512771701812743,0.9674992454051972,162.7705132622593,8.92964343705969,inf,0.1292961835861206,0.16877935826778412,0.0030525894835591316
1,5.304052114486694,2.124056005477905,1.8251679420471192,12.015832483768463,1690.1047706604004,0.9477567613124847,0.8629559171199799,0.8810524427890777,0.9716133207082748,0.9512771701812743,0.9674992454051972,162.7705132622593,8.92964343705969,inf,0.08223768323659897,0.16469532251358032,0.0005542514263652265
2,5.13219341635704,1.3748138189315797,1.8038575172424316,9.275924250483513,1627.9893398284912,0.8787149012088775,0.902481324672699,0.8802419537305831,0.9614268796145916,0.8659400759637356,0.9479476821422577,117.11657797494013,12.249090698611909,0.10919130735670751,0.06933819502592087,0.16287364065647125,0.00015189395344350487
