,BPR,PR_fan,PR_LC,PR_HC,T4,eta_fan,eta_LC,eta_HC,eta_B,eta_HT,eta_LT,thrust,TSFC,error,est_error,state_loss,error_loss
0,5.784438371658325,1.3016995906829834,1.3261244773864747,12.23990136384964,1384.1397941112518,0.8713356971740722,0.9163545739650727,0.8417826914787292,0.9763704732060432,0.9548540568351745,0.8840675008296967,96.73579326939219,9.433813338983027,inf,0.09877479076385498,0.1517355740070343,0.004365140572190285
1,5.94274240732193,2.4612070322036743,1.7223660469055175,13.003787755966187,1782.4985265731812,0.9011076629161834,0.8847819221019745,0.9154169344902038,0.9761598634719848,0.91247203707695,0.9695016753673553,171.77862026820802,9.138822142912781,0.2546634387477276,0.09451842308044434,0.15531456470489502,0.0007913831504993141
2,5.140501394867897,1.816581118106842,1.2530107021331787,10.260144352912903,1797.6231157779694,0.868055810034275,0.8373045918345451,0.8690079683065414,0.9677228596806526,0.8745161718130111,0.9206653845310211,141.39315521133275,11.929768194511079,0.10962268399063718,0.08260765671730042,0.15140432119369507,0.00014880564413033426
