,BPR,PR_fan,PR_LC,PR_HC,T4,eta_fan,eta_LC,eta_HC,eta_B,eta_HT,eta_LT,thrust,TSFC,error,est_error,state_loss,error_loss
0,5.781446218490601,2.448911428451538,1.8993431091308595,13.966835916042328,1462.6988649368286,0.8875576674938201,0.837263787984848,0.8542903983592987,0.9945236611366272,0.9186192309856415,0.8756778609752655,174.320157086764,9.751608258196283,inf,0.11213713884353638,0.15959501266479492,0.0041209058836102486
1,5.982022345066071,1.5866049766540526,1.5180755615234376,11.94180291891098,1672.3090291023254,0.8668977379798889,0.8974434506893159,0.9359306597709656,0.9802034169435501,0.9103418505191803,0.9603746485710144,125.98212956010704,9.965250858947279,0.0831674573793211,0.06481561064720154,0.15578538179397583,0.000709295563865453
