,BPR,PR_fan,PR_LC,PR_HC,T4,eta_fan,eta_LC,eta_HC,eta_B,eta_HT,eta_LT,thrust,TSFC,error,est_error,state_loss,error_loss
0,5.934641480445862,1.3915910005569458,1.9472729682922363,9.80284333229065,1704.4260680675507,0.9451375186443328,0.860569120645523,0.8486220681667328,0.9932984280586242,0.9479687964916229,0.9379276406764984,116.8292687836512,10.806172381074013,inf,0.11824126541614532,0.1583678126335144,0.004509636200964451
1,5.934641480445862,1.3915910005569458,1.9472729682922363,9.80284333229065,1704.4260680675507,0.9451375186443328,0.860569120645523,0.8486220681667328,0.9932984280586242,0.9479687964916229,0.9379276406764984,116.8292687836512,10.806172381074013,inf,0.07433480769395828,0.15791064500808716,0.0005970482598058879
2,5.017643336206675,1.6935489416122436,1.5128662109375,10.565537065267563,1749.4931399822235,0.9110477447509765,0.8225750529021024,0.8704892361164093,0.95,0.9187211370468139,0.8720803265273571,135.91936997991044,11.813221914707361,0.08844223984064555,0.05829491466283798,0.15423405170440674,9.680455696070567e-05
