,BPR,PR_fan,PR_LC,PR_HC,T4,eta_fan,eta_LC,eta_HC,eta_B,eta_HT,eta_LT,thrust,TSFC,error,est_error,state_loss,error_loss
0,5.496773660182953,2.184004020690918,1.3299751281738281,14.523381114006042,1704.3830335140228,0.8680264472961425,0.9081812810897827,0.8408007168769837,0.9645555785298348,0.922917685508728,0.9347910892963409,155.54565841744042,9.764986938221199,inf,0.09396450966596603,0.14315643906593323,0.003983525093644857
1,5.310225605964661,1.9441248416900634,1.9116809368133545,10.753804683685303,1775.9171903133392,0.9422616958618164,0.9106131207942962,0.8837561154365539,0.9857899701595306,0.9372360503673554,0.9585247766971587,146.29539062330636,9.472584960061887,0.16685798322836415,0.0800296813249588,0.14555755257606506,0.0007173620397225022
2,5.554528474807739,1.3140161894261837,1.9565258979797364,14.66466897726059,1714.4849181175232,0.8704795375466347,0.8657823872566223,0.8591230252385139,0.9705823680758476,0.9310819542407989,0.8905891266465187,110.73455155032273,11.15632670767183,0.0939346110290475,0.06520382314920425,0.14190858602523804,0.00019598189101088792
