,BPR,PR_fan,PR_LC,PR_HC,T4,eta_fan,eta_LC,eta_HC,eta_B,eta_HT,eta_LT,thrust,TSFC,error,est_error,state_loss,error_loss
0,5.965112626552582,1.4840091228485108,1.3714369773864745,14.950626790523529,1444.5071697235107,0.8781099855899811,0.8773329627513885,0.8514543437957763,0.9548941892385482,0.8775998926162719,0.9378308367729187,106.52097537918303,9.581630524162536,inf,0.11410355567932129,0.1528063416481018,0.005333236418664455
1,5.965112626552582,1.4840091228485108,1.3714369773864745,14.950626790523529,1444.5071697235107,0.8781099855899811,0.8773329627513885,0.8514543437957763,0.9548941892385482,0.8775998926162719,0.9378308367729187,106.52097537918303,9.581630524162536,inf,0.07049679756164551,0.1510895937681198,0.0010427486849948764
