,BPR,PR_fan,PR_LC,PR_HC,T4,eta_fan,eta_LC,eta_HC,eta_B,eta_HT,eta_LT,thrust,TSFC,error,est_error,state_loss,error_loss
0,5.308962285518646,1.5178765535354615,1.671855640411377,13.978585183620453,1300.828206539154,0.9460497736930846,0.8861584317684174,0.9378262543678283,0.9754208102822304,0.9337653195858001,0.9427485656738281,119.58891324632202,8.751959479334223,inf,0.12163783609867096,0.16317403316497803,0.003481493331491947
1,5.308962285518646,1.5178765535354615,1.671855640411377,13.978585183620453,1300.828206539154,0.9460497736930846,0.8861584317684174,0.9378262543678283,0.9754208102822304,0.9337653195858001,0.9427485656738281,119.58891324632202,8.751959479334223,inf,0.09027491509914398,0.1594233512878418,0.0006593761499971151
2,6.0,1.4053235620260238,1.6275285243988038,10.487635374069214,1778.82741689682,0.9389695048332214,0.9114319753646851,0.8418910428509115,0.9527470071613788,0.9401787376403808,0.9073409569263458,118.87028357810259,12.327579382573825,0.1141202732150021,0.08091297000646591,0.1588541716337204,0.00018868735060095787
3,5.37526798248291,1.384736579656601,1.7262158393859863,11.590858221054077,1739.7767186164856,0.8756584286689758,0.879220415353775,0.9024578237533569,0.966158557832241,0.9426276838779449,0.913019250035286,121.37728013378944,12.316863520107903,0.090529092797954,0.077708400785923,0.14879637956619263,7.021252531558275e-05
4,5.3582868576049805,1.3505448877811432,1.7493698596954346,11.476326644420624,1754.7441601753235,0.8783503800630569,0.8785322618484497,0.9025236570835113,0.9650221595168114,0.9401721036434173,0.9150907647609711,119.84037708683337,12.808583476228055,0.1166513043898287,0.07514936476945877,0.13721029460430145,7.386174547718838e-05
5,5.719229340553284,1.3,1.6398860454559325,9.684933319687843,1682.9037249088287,0.9087735533714294,0.8294070918858051,0.8726529622077942,0.9629473260045052,0.897921154499054,0.960127009153366,110.34019832967843,12.846977542218168,0.15618724985218405,0.08047427237033844,0.13938069343566895,0.00012036540283588693
6,5.044510681182146,1.633560836315155,1.6483383655548096,10.175457835197449,1800.0,0.8624809764325618,0.8605181229114532,0.8813747370243072,0.9722512546181679,0.8621185146644711,0.9340164613723755,136.91886103934345,12.030220862771301,0.10057255827735252,0.08062417805194855,0.13233229517936707,8.326824172399938e-05
