,BPR,PR_fan,PR_LC,PR_HC,T4,eta_fan,eta_LC,eta_HC,eta_B,eta_HT,eta_LT,thrust,TSFC,error,est_error,state_loss,error_loss
0,5.908405542373657,1.8766865253448488,1.5622496128082275,10.066715776920319,1797.027337551117,0.8856671869754791,0.8994967353343963,0.8472500646114349,0.9756471645832061,0.9450073814392089,0.9536420297622681,138.6727552760678,10.013626479349385,inf,0.11378253251314163,0.15371164679527283,0.00533863203600049
1,5.908405542373657,1.8766865253448488,1.5622496128082275,10.066715776920319,1797.027337551117,0.8856671869754791,0.8994967353343963,0.8472500646114349,0.9756471645832061,0.9450073814392089,0.9536420297622681,138.6727552760678,10.013626479349385,inf,0.07842198759317398,0.1497994363307953,0.0010050132405012846
