,BPR,PR_fan,PR_LC,PR_HC,T4,eta_fan,eta_LC,eta_HC,eta_B,eta_HT,eta_LT,thrust,TSFC,error,est_error,state_loss,error_loss
0,5.853263795375824,2.3416293621063233,1.9937807083129884,13.063754498958588,1797.4283874034882,0.8943312644958495,0.8999788594245911,0.8755270147323608,0.9545501101016998,0.8721946692466735,0.941574705839157,168.7878727026469,9.768596512104507,inf,0.11355789750814438,0.16638028621673584,0.003918110392987728
1,5.853263795375824,2.3416293621063233,1.9937807083129884,13.063754498958588,1797.4283874034882,0.8943312644958495,0.8999788594245911,0.8755270147323608,0.9545501101016998,0.8721946692466735,0.941574705839157,168.7878727026469,9.768596512104507,inf,0.0868089571595192,0.16331085562705994,0.0006639169878326356
