,BPR,PR_fan,PR_LC,PR_HC,T4,eta_fan,eta_LC,eta_HC,eta_B,eta_HT,eta_LT,thrust,TSFC,error,est_error,state_loss,error_loss
0,5.350837409496307,1.6642511367797852,1.2257062911987304,14.16719138622284,1690.1489973068237,0.8655044615268707,0.8725764107704163,0.9287305080890655,0.9602429297566414,0.8660526490211486,0.9458571088314056,131.87251341879804,10.867299204659126,inf,0.11392591148614883,0.16611161828041077,0.004378652665764093
1,5.350837409496307,1.6642511367797852,1.2257062911987304,14.16719138622284,1690.1489973068237,0.8655044615268707,0.8725764107704163,0.9287305080890655,0.9602429297566414,0.8660526490211486,0.9458571088314056,131.87251341879804,10.867299204659126,inf,0.08352640271186829,0.16455012559890747,0.0007769944495521486
