,BPR,PR_fan,PR_LC,PR_HC,T4,eta_fan,eta_LC,eta_HC,eta_B,eta_HT,eta_LT,thrust,TSFC,error,est_error,state_loss,error_loss
0,5.917653799057007,2.378104257583618,1.2162271499633788,8.442633628845215,1335.1982414722443,0.9228041052818298,0.9139195096492767,0.8605746471881867,0.9607659927010536,0.9585294759273528,0.9633427035808563,135.189027559952,9.578699315285544,inf,0.11818566918373108,0.15436121821403503,0.00429989118129015
1,5.917653799057007,2.378104257583618,1.2162271499633788,8.442633628845215,1335.1982414722443,0.9228041052818298,0.9139195096492767,0.8605746471881867,0.9607659927010536,0.9585294759273528,0.9633427035808563,135.189027559952,9.578699315285544,inf,0.07076624035835266,0.15469276905059814,0.0006448961212299764
2,5.180983051657677,1.4072556287050249,1.2856194019317626,13.170138359069824,1710.18608212471,0.8600996755063534,0.8604166042804717,0.8799121522903441,0.9724119229614734,0.8654724872112274,0.909001178741455,121.57881939529022,12.557410594237517,0.10174266481876645,0.07190438359975815,0.15330451726913452,0.00014145977911539376
