,BPR,PR_fan,PR_LC,PR_HC,T4,eta_fan,eta_LC,eta_HC,eta_B,eta_HT,eta_LT,thrust,TSFC,error,est_error,state_loss,error_loss
0,5.727616965770721,2.388118767738342,1.59571213722229,14.059548735618591,1706.93998336792,0.8871985554695129,0.8771894466876984,0.8895022177696228,0.9577125123143195,0.9057520902156829,0.8868850898742676,161.1017732915177,10.071977865600175,inf,0.10820041596889496,0.16012704372406006,0.00426379032433033
1,5.88694703578949,1.3362128973007203,1.7923243045806885,10.564434945583344,1796.329128742218,0.9305403470993041,0.9020131540298462,0.9224704706668854,0.9935416132211685,0.912121353149414,0.9454093766212464,118.3161366241032,12.558006567081224,0.1161086878776982,0.08853977918624878,0.16087430715560913,0.0007596832001581788
