,BPR,PR_fan,PR_LC,PR_HC,T4,eta_fan,eta_LC,eta_HC,eta_B,eta_HT,eta_LT,thrust,TSFC,error,est_error,state_loss,error_loss
0,5.970978558063507,1.6383179664611816,1.312040138244629,9.378411054611206,1540.6697869300842,0.918315428495407,0.8733557116985321,0.8651838624477386,0.9658450934290885,0.8718503928184509,0.9475687038898468,115.81223489808997,10.057039211337697,inf,0.09781788289546967,0.13757598400115967,0.004497359972447157
