,BPR,PR_fan,PR_LC,PR_HC,T4,eta_fan,eta_LC,eta_HC,eta_B,eta_HT,eta_LT,thrust,TSFC,error,est_error,state_loss,error_loss
0,5.8178852796554565,2.295689415931702,1.5614740371704101,11.654180765151978,1692.799437046051,0.9063016295433044,0.8933864009380341,0.8641329967975616,0.9504818427562713,0.8610353982448578,0.9015813958644867,148.6015318735672,10.022511597158159,inf,0.1160314679145813,0.15253017842769623,0.004869649186730385
1,5.8178852796554565,2.295689415931702,1.5614740371704101,11.654180765151978,1692.799437046051,0.9063016295433044,0.8933864009380341,0.8641329967975616,0.9504818427562713,0.8610353982448578,0.9015813958644867,148.6015318735672,10.022511597158159,inf,0.07218492031097412,0.15408454835414886,0.0007715174579061568
