,BPR,PR_fan,PR_LC,PR_HC,T4,eta_fan,eta_LC,eta_HC,eta_B,eta_HT,eta_LT,thrust,TSFC,error,est_error,state_loss,error_loss
0,5.383567452430725,1.895824909210205,1.806518793106079,9.569580733776093,1394.4766998291016,0.863603788614273,0.8357753109931946,0.8717154943943023,0.9619855394959449,0.8603856003284455,0.9693089377880096,129.57367082609105,10.136287388911194,inf,0.10736452043056488,0.14993515610694885,0.003097000764682889
1,5.540317893028259,1.4141296386718751,1.5777484893798828,13.813775837421417,1789.5991384983063,0.8683360815048218,0.907261688709259,0.9285755896568297,0.968960245847702,0.9594943976402283,0.9351380479335785,124.90945469459533,12.150438999199993,0.07705719814265295,0.0868367999792099,0.15083560347557068,0.0006195575115270913
2,5.550317287445068,1.4021369725465775,1.5857482194900512,13.883772850036621,1794.5989847183228,0.8693360283970832,0.9082616519927978,0.9295755469799041,0.9694102266430854,0.96,0.9361379873752593,124.32175970556328,12.253839750017416,0.08394509411590607,0.08214683830738068,0.14878886938095093,0.0002049228933174163
