,BPR,PR_fan,PR_LC,PR_HC,T4,eta_fan,eta_LC,eta_HC,eta_B,eta_HT,eta_LT,thrust,TSFC,error,est_error,state_loss,error_loss
0,5.81597512960434,2.291007566452026,1.6325854301452636,10.406136512756348,1753.987956047058,0.9107756853103637,0.8836304914951325,0.8861762905120849,0.9932368284463883,0.8983902609348297,0.9178295505046844,152.9914590976698,9.0312830204601,inf,0.10625431686639786,0.16827614605426788,0.004239984788000584
1,5.9456722140312195,1.366594457626343,1.850213098526001,8.244790732860565,1598.8886535167694,0.9135874092578887,0.9195049357414246,0.9316571140289306,0.9797037079930305,0.9362307941913605,0.8979251933097839,112.92486038271556,11.249968167211016,0.0857908857918549,0.07532300055027008,0.16168199479579926,0.0008763042278587818
2,5.900870382785797,1.486328375339508,1.4153618335723877,8.713060535490513,1640.929925441742,0.9123421132564544,0.9057137441635132,0.8423480225354433,0.9522332563437521,0.865476127192378,0.9251954090595245,117.20745946696238,11.677370553822945,0.08884787668323954,0.06391251087188721,0.16077236831188202,0.0002062608691630885
