,BPR,PR_fan,PR_LC,PR_HC,T4,eta_fan,eta_LC,eta_HC,eta_B,eta_HT,eta_LT,thrust,TSFC,error,est_error,state_loss,error_loss
0,5.256489515304565,2.1536916971206663,1.3232097625732422,11.372275948524475,1460.489946603775,0.9172877848148345,0.8538947653770447,0.9346046829223632,0.9702185156941414,0.8833542442321777,0.8916966569423675,140.6137040561769,9.364790974144556,inf,0.11825057864189148,0.15710559487342834,0.004567630123347044
1,5.256489515304565,2.1536916971206663,1.3232097625732422,11.372275948524475,1460.489946603775,0.9172877848148345,0.8538947653770447,0.9346046829223632,0.9702185156941414,0.8833542442321777,0.8916966569423675,140.6137040561769,9.364790974144556,inf,0.09778842329978943,0.15996110439300537,0.0007821696344763041
