,BPR,PR_fan,PR_LC,PR_HC,T4,eta_fan,eta_LC,eta_HC,eta_B,eta_HT,eta_LT,thrust,TSFC,error,est_error,state_loss,error_loss
0,5.813687980175018,1.7499324083328247,1.836631965637207,8.424028396606445,1447.5498378276825,0.9236012101173401,0.8593750965595245,0.8624170327186584,0.9866853773593902,0.9087854838371277,0.9033087921142579,117.16874090449112,9.10700173230049,inf,0.10438007861375809,0.15768834948539734,0.003747974755242467
