,BPR,PR_fan,PR_LC,PR_HC,T4,eta_fan,eta_LC,eta_HC,eta_B,eta_HT,eta_LT,thrust,TSFC,error,est_error,state_loss,error_loss
0,5.284782350063324,2.2807578086853026,1.546069860458374,12.871483743190765,1787.5150918960571,0.8961529850959777,0.825652630329132,0.8650653982162475,0.9670459827780723,0.880110684633255,0.9606437277793884,164.4124346626421,9.588740290586403,inf,0.10493137687444687,0.15878885984420776,0.004904941190034151
1,5.8246594071388245,1.7052028894424438,1.824473237991333,12.561786234378815,1723.2078790664673,0.879235976934433,0.9194840681552887,0.9336615467071533,0.9916958054900169,0.9519916450977325,0.9511914443969727,133.6127903957711,9.21425998387411,0.13102506247196805,0.07310912013053894,0.16039712727069855,0.0007035479648038745
