,BPR,PR_fan,PR_LC,PR_HC,T4,eta_fan,eta_LC,eta_HC,eta_B,eta_HT,eta_LT,thrust,TSFC,error,est_error,state_loss,error_loss
0,5.246365249156952,1.756502103805542,1.2285468578338623,8.624590814113617,1565.765756368637,0.9133997559547424,0.8590752911567687,0.908390679359436,0.9835634577274323,0.9111521100997925,0.9033429872989654,130.97146625946345,10.492771739927612,inf,0.09843878448009491,0.16294759511947632,0.002875586971640587
