,BPR,PR_fan,PR_LC,PR_HC,T4,eta_fan,eta_LC,eta_HC,eta_B,eta_HT,eta_LT,thrust,TSFC,error,est_error,state_loss,error_loss
0,5.6770928502082825,1.713171911239624,1.4050742149353028,8.763080298900604,1575.891125202179,0.9443436861038208,0.8951425683498383,0.9300630354881286,0.9762835776805877,0.8627328789234161,0.9194189202785492,127.83549174509648,10.077876605441547,inf,0.111199751496315,0.16150937974452972,0.004908873233944178
1,5.974218130111694,2.3579137325286865,1.2790050983428956,11.605102956295013,1775.0624001026154,0.9180374979972838,0.8822173666954041,0.9323537135124206,0.9763604739308357,0.9393283462524413,0.9540551972389221,152.5462202025354,8.836733185190274,0.21325432668540795,0.08537320047616959,0.16189926862716675,0.0006466655759140849
