,BPR,PR_fan,PR_LC,PR_HC,T4,eta_fan,eta_LC,eta_HC,eta_B,eta_HT,eta_LT,thrust,TSFC,error,est_error,state_loss,error_loss
0,5.629310965538025,1.3225865602493287,1.8369640350341796,12.098102390766144,1557.3309242725372,0.8637662112712859,0.919613517522812,0.87306525349617,0.9770844691991806,0.9303746855258941,0.9414285016059876,107.2955172017814,10.244994980269313,inf,0.11428633332252502,0.15762239694595337,0.003838003147393465
1,5.629310965538025,1.3225865602493287,1.8369640350341796,12.098102390766144,1557.3309242725372,0.8637662112712859,0.919613517522812,0.87306525349617,0.9770844691991806,0.9303746855258941,0.9414285016059876,107.2955172017814,10.244994980269313,inf,0.08336327970027924,0.15633922815322876,0.0007492746226489544
