,BPR,PR_fan,PR_LC,PR_HC,T4,eta_fan,eta_LC,eta_HC,eta_B,eta_HT,eta_LT,thrust,TSFC,error,est_error,state_loss,error_loss
0,5.258213520050049,1.63910710811615,1.9888152122497558,9.674775898456573,1495.2345669269562,0.9398017525672913,0.8219344627857208,0.8592596077919006,0.9866474133729934,0.9326924955844879,0.9535441172122955,125.69646257368404,9.007860991095544,inf,0.11570803821086884,0.14762645959854126,0.004372837953269482
1,5.258213520050049,1.63910710811615,1.9888152122497558,9.674775898456573,1495.2345669269562,0.9398017525672913,0.8219344627857208,0.8592596077919006,0.9866474133729934,0.9326924955844879,0.9535441172122955,125.69646257368404,9.007860991095544,inf,0.08414815366268158,0.14819875359535217,0.0009850956266745925
