,BPR,PR_fan,PR_LC,PR_HC,T4,eta_fan,eta_LC,eta_HC,eta_B,eta_HT,eta_LT,thrust,TSFC,error,est_error,state_loss,error_loss
0,5.029322624206543,2.416826057434082,1.9371538639068604,8.374332249164581,1634.1074883937836,0.8515282213687897,0.9000543010234833,0.878105696439743,0.9870754858851433,0.9260173714160919,0.9030248475074768,158.50310739116796,10.063672337081636,inf,0.10903651267290115,0.1571516990661621,0.003383168950676918
1,5.767705321311951,1.3516637802124023,1.5232272148132324,11.773910641670227,1777.9070317745209,0.8890013337135314,0.8771397960186005,0.9148270153999328,0.9756584003567695,0.9369271850585937,0.919946117401123,118.7435224926342,12.764086012549669,0.11861274201146886,0.09419433772563934,0.1560056060552597,0.000770269543863833
