,BPR,PR_fan,PR_LC,PR_HC,T4,eta_fan,eta_LC,eta_HC,eta_B,eta_HT,eta_LT,thrust,TSFC,error,est_error,state_loss,error_loss
0,5.759701609611511,1.8606127977371216,1.5709795475006103,11.593430042266846,1594.2480444908142,0.9347600638866425,0.8235644471645355,0.8996320927143097,0.9619697949290276,0.9138154900074005,0.9147885751724243,126.91298744326343,9.41138131489433,inf,0.10930535942316055,0.15404808521270752,0.004483400844037533
1,5.891146123409271,2.356272077560425,1.8587575912475587,10.324947237968445,1481.1006367206573,0.8676770746707916,0.8955913078784943,0.9198214435577392,0.9874899810552596,0.949538836479187,0.9631561827659607,162.72164868853343,9.099818761447237,0.23700864429429985,0.07655731588602066,0.15489798784255981,0.0008064261637628078
