,BPR,PR_fan,PR_LC,PR_HC,T4,eta_fan,eta_LC,eta_HC,eta_B,eta_HT,eta_LT,thrust,TSFC,error,est_error,state_loss,error_loss
0,5.453727424144745,2.1852373361587523,1.7252349853515625,11.221741795539856,1342.2685146331787,0.9019944071769714,0.8635210704803467,0.8843172991275787,0.9608154606819153,0.9313377594947815,0.8900377464294433,152.42703026145028,9.668267172876096,inf,0.11752048879861832,0.15774637460708618,0.003991142846643925
1,5.453727424144745,2.1852373361587523,1.7252349853515625,11.221741795539856,1342.2685146331787,0.9019944071769714,0.8635210704803467,0.8843172991275787,0.9608154606819153,0.9313377594947815,0.8900377464294433,152.42703026145028,9.668267172876096,inf,0.08121922612190247,0.15885333716869354,0.0005860270466655493
