,BPR,PR_fan,PR_LC,PR_HC,T4,eta_fan,eta_LC,eta_HC,eta_B,eta_HT,eta_LT,thrust,TSFC,error,est_error,state_loss,error_loss
0,5.668273150920868,2.262092351913452,1.744742488861084,14.378432869911194,1660.249400138855,0.8718049824237823,0.8547383260726928,0.8552617990970611,0.9731830915808677,0.8791312670707703,0.8706686866283416,160.6721796694428,10.16439678095805,inf,0.10694850236177444,0.14767839014530182,0.004857101943343878
1,5.834234893321991,2.105792236328125,1.5549622535705567,10.662935614585876,1793.6032593250275,0.881393426656723,0.8671975088119507,0.910336091518402,0.9925496223568916,0.9411032652854919,0.9265303325653076,150.38521637892242,8.957202017081173,0.19912185805889593,0.0904674157500267,0.14764687418937683,0.0008834311156533659
2,5.146793112158775,1.4437240421772004,1.5580443143844604,8.194500094279647,1463.1061881780624,0.8969206541776656,0.8242536001652478,0.8754992896318435,0.965192760080099,0.9032165652513504,0.9024263393878936,112.73250897168658,10.782885097686007,0.08745106637232412,0.07447832822799683,0.1455346941947937,0.0001845603110268712
