,BPR,PR_fan,PR_LC,PR_HC,T4,eta_fan,eta_LC,eta_HC,eta_B,eta_HT,eta_LT,thrust,TSFC,error,est_error,state_loss,error_loss
0,5.199301540851593,1.3123512506484987,1.7096960544586182,12.52433168888092,1411.4023327827454,0.8860740542411804,0.9001798701286317,0.9307407164573669,0.9828806692361831,0.9182682192325592,0.9602420580387115,104.9647294015628,9.451530978392661,inf,0.11780084669589996,0.16036859154701233,0.004736319184303284
1,5.199301540851593,1.3123512506484987,1.7096960544586182,12.52433168888092,1411.4023327827454,0.8860740542411804,0.9001798701286317,0.9307407164573669,0.9828806692361831,0.9182682192325592,0.9602420580387115,104.9647294015628,9.451530978392661,inf,0.056940093636512756,0.16110870242118835,0.000686108018271625
