,BPR,PR_fan,PR_LC,PR_HC,T4,eta_fan,eta_LC,eta_HC,eta_B,eta_HT,eta_LT,thrust,TSFC,error,est_error,state_loss,error_loss
0,5.9300243854522705,2.1240513563156127,1.4474400520324706,11.536214530467987,1709.1693460941315,0.8661394596099853,0.8742705476284027,0.8476076030731201,0.9732885801792145,0.949313793182373,0.8915425133705139,144.01437418708164,9.516831562232133,inf,0.11840999871492386,0.14716947078704834,0.0040727220475673676
1,5.9300243854522705,2.1240513563156127,1.4474400520324706,11.536214530467987,1709.1693460941315,0.8661394596099853,0.8742705476284027,0.8476076030731201,0.9732885801792145,0.949313793182373,0.8915425133705139,144.01437418708164,9.516831562232133,inf,0.0794200673699379,0.14811821281909943,0.0008481060503982008
2,5.324280142784119,1.3942850291728974,1.2738715052604674,13.283923089504242,1714.1613245010376,0.8692963853478431,0.8660389584302902,0.9230431282520294,0.962927861213684,0.9480732119083404,0.901435626745224,122.36345509942507,12.701486043761756,0.10865860252155721,0.06838303059339523,0.14756716787815094,0.0001878532493719831
