,BPR,PR_fan,PR_LC,PR_HC,T4,eta_fan,eta_LC,eta_HC,eta_B,eta_HT,eta_LT,thrust,TSFC,error,est_error,state_loss,error_loss
0,5.004848897457123,1.8559849500656127,1.860806941986084,11.521280109882355,1712.943720817566,0.8938219904899597,0.8652103972434998,0.8751051986217498,0.9800838655233383,0.9297654783725738,0.9025127303600311,139.19931300263863,9.76593944714639,inf,0.1217038631439209,0.15579771995544434,0.0038768695667386055
1,5.004848897457123,1.8559849500656127,1.860806941986084,11.521280109882355,1712.943720817566,0.8938219904899597,0.8652103972434998,0.8751051986217498,0.9800838655233383,0.9297654783725738,0.9025127303600311,139.19931300263863,9.76593944714639,inf,0.08748751878738403,0.15727025270462036,0.0006754412897862494
