,BPR,PR_fan,PR_LC,PR_HC,T4,eta_fan,eta_LC,eta_HC,eta_B,eta_HT,eta_LT,thrust,TSFC,error,est_error,state_loss,error_loss
0,5.05249160528183,2.4809168338775636,1.3558740615844727,12.828523397445679,1401.817637681961,0.9169973015785217,0.8854499292373658,0.9298169696331023,0.9911230465769768,0.9329002952575683,0.898426605463028,163.11639615807488,9.38279002702631,inf,0.1115487590432167,0.15847866237163544,0.004368681460618973
