,BPR,PR_fan,PR_LC,PR_HC,T4,eta_fan,eta_LC,eta_HC,eta_B,eta_HT,eta_LT,thrust,TSFC,error,est_error,state_loss,error_loss
0,5.72838032245636,1.6950470447540282,1.33230562210083,9.023803472518921,1744.132924079895,0.9182182848453522,0.8664219450950622,0.8778767013549804,0.975458943247795,0.8617953395843506,0.9085355234146117,132.43239594926703,11.421781852823788,inf,0.11149435490369797,0.16428323090076447,0.004045800771564245
1,5.904642939567566,1.8536372661590577,1.684754228591919,14.243494033813477,1677.543181180954,0.9217555999755859,0.8807469499111176,0.8953409397602081,0.9894177785515785,0.8755486404895783,0.9648105573654174,137.6916334103631,8.99282470277361,0.15434332328600878,0.06852670758962631,0.16195538640022278,0.0006580257904715836
