,BPR,PR_fan,PR_LC,PR_HC,T4,eta_fan,eta_LC,eta_HC,eta_B,eta_HT,eta_LT,thrust,TSFC,error,est_error,state_loss,error_loss
0,5.147788643836975,1.7167892456054688,1.2447323322296142,9.203486740589142,1447.8985249996185,0.9053978145122528,0.8451817882061005,0.859361388683319,0.9667071017622948,0.9558149373531342,0.9228957664966583,117.57384903071936,9.892098565381474,inf,0.09417010098695755,0.15333881974220276,0.00448056822642684
1,5.561951696872711,1.3273030996322632,1.6825637817382812,13.962281823158264,1796.0945844650269,0.93513965010643,0.8936281275749207,0.9373045825958252,0.9782116675376892,0.9345052039623261,0.9611626994609832,119.7227595454819,12.669882902294573,0.11385454847944451,0.07443840801715851,0.15540912747383118,0.0006977890734560788
2,5.066129207611084,1.4588046908378602,1.9038400173187255,8.431873958557844,1625.3228962421417,0.9316753983497619,0.8577907514572143,0.8924517476558684,0.9575162282586097,0.8663917808234691,0.8933514532446861,121.75293760128272,11.890147952922064,0.07798128991734776,0.06622692197561264,0.15283271670341492,0.00011894842464243993
