,BPR,PR_fan,PR_LC,PR_HC,T4,eta_fan,eta_LC,eta_HC,eta_B,eta_HT,eta_LT,thrust,TSFC,error,est_error,state_loss,error_loss
0,5.605431139469147,2.4838077545166017,1.2340715408325196,13.195664644241333,1703.8974344730377,0.9148398995399475,0.8997996819019318,0.8543133997917175,0.985566343665123,0.9104089772701263,0.931823570728302,160.27608604598888,9.414979198519863,inf,0.1269819289445877,0.1669900268316269,0.004336041864007711
1,5.605431139469147,2.4838077545166017,1.2340715408325196,13.195664644241333,1703.8974344730377,0.9148398995399475,0.8997996819019318,0.8543133997917175,0.985566343665123,0.9104089772701263,0.931823570728302,160.27608604598888,9.414979198519863,inf,0.07897016406059265,0.1640436202287674,0.00066750543192029
