,BPR,PR_fan,PR_LC,PR_HC,T4,eta_fan,eta_LC,eta_HC,eta_B,eta_HT,eta_LT,thrust,TSFC,error,est_error,state_loss,error_loss
0,5.75138396024704,1.3874614715576172,1.3827519416809082,14.853096604347229,1548.1129169464111,0.9444106459617614,0.8895877015590667,0.9399915957450866,0.968008576631546,0.8989459133148193,0.9108342897891998,112.47301620456504,10.187660526195252,inf,0.11905544996261597,0.15561765432357788,0.003615541150793433
1,5.75138396024704,1.3874614715576172,1.3827519416809082,14.853096604347229,1548.1129169464111,0.9444106459617614,0.8895877015590667,0.9399915957450866,0.968008576631546,0.8989459133148193,0.9108342897891998,112.47301620456504,10.187660526195252,inf,0.0714133158326149,0.15462158620357513,0.0006883160094730556
2,5.833585679531097,1.3903737604618074,1.821939516067505,9.894199937582016,1705.474066734314,0.9275884449481964,0.8864895355701446,0.8539944106340408,0.9558709317445755,0.8860534346103668,0.8740038637816906,114.84202863860922,11.900314380086648,0.10617229823848187,0.06953126192092896,0.15124306082725525,0.00017339368059765548
