,BPR,PR_fan,PR_LC,PR_HC,T4,eta_fan,eta_LC,eta_HC,eta_B,eta_HT,eta_LT,thrust,TSFC,error,est_error,state_loss,error_loss
0,5.487266540527344,2.1522390127182005,1.2795679092407226,10.793249011039734,1420.5820739269257,0.921351808309555,0.8687973093986511,0.8664390587806702,0.9805790013074874,0.9423171257972717,0.9252609145641326,144.00714676873125,8.947857603892063,inf,0.11841284483671188,0.1664969027042389,0.003509877249598503
1,5.487266540527344,2.1522390127182005,1.2795679092407226,10.793249011039734,1420.5820739269257,0.921351808309555,0.8687973093986511,0.8664390587806702,0.9805790013074874,0.9423171257972717,0.9252609145641326,144.00714676873125,8.947857603892063,inf,0.08060918003320694,0.1661059856414795,0.0006501453462988138
