,BPR,PR_fan,PR_LC,PR_HC,T4,eta_fan,eta_LC,eta_HC,eta_B,eta_HT,eta_LT,thrust,TSFC,error,est_error,state_loss,error_loss
0,5.579126060009003,1.5402458906173706,1.4221951007843017,14.9624645113945,1708.9601337909698,0.9262531459331512,0.8478690040111542,0.8705856049060822,0.9538380292057991,0.9482739067077637,0.9549739015102386,126.25973502353814,10.521609018130494,inf,0.10563286393880844,0.15341418981552124,0.00411622179672122
1,5.361686944961548,1.8725089311599732,1.4078155994415282,14.413988173007965,1696.8155980110168,0.9127661883831024,0.9048428785800934,0.9274036312103271,0.9766766259074211,0.9523819303512573,0.9483768832683563,140.66566765331712,9.34008096985769,0.15138386767612752,0.07907086610794067,0.1531580090522766,0.0006771506741642952
