,BPR,PR_fan,PR_LC,PR_HC,T4,eta_fan,eta_LC,eta_HC,eta_B,eta_HT,eta_LT,thrust,TSFC,error,est_error,state_loss,error_loss
0,5.768109023571014,2.281953287124634,1.5967676162719726,8.819246888160706,1487.1743500232697,0.9228857934474944,0.8514640998840332,0.9122175359725951,0.9542750173807144,0.8707856035232544,0.873442519903183,131.47189776371886,10.27483401001869,inf,0.1037917509675026,0.15624001622200012,0.004102249164134264
