,BPR,PR_fan,PR_LC,PR_HC,T4,eta_fan,eta_LC,eta_HC,eta_B,eta_HT,eta_LT,thrust,TSFC,error,est_error,state_loss,error_loss
0,5.47786283493042,1.6192816495895386,1.7292031288146972,14.01776373386383,1321.682471036911,0.9191562950611114,0.8910561633110047,0.8418055140972137,0.9863124725222587,0.8707781529426575,0.917961401939392,125.39386709261048,9.4353615634287,inf,0.11271819472312927,0.14918304979801178,0.004030236974358559
1,5.47786283493042,1.6192816495895386,1.7292031288146972,14.01776373386383,1321.682471036911,0.9191562950611114,0.8910561633110047,0.8418055140972137,0.9863124725222587,0.8707781529426575,0.917961401939392,125.39386709261048,9.4353615634287,inf,0.07925995439291,0.14827312529087067,0.0010346308117732406
