,BPR,PR_fan,PR_LC,PR_HC,T4,eta_fan,eta_LC,eta_HC,eta_B,eta_HT,eta_LT,thrust,TSFC,error,est_error,state_loss,error_loss
0,5.797743916511536,2.1731718301773073,1.3893622875213623,10.214277148246765,1418.2311475276947,0.9003597915172576,0.9126190614700318,0.8476957702636718,0.9910277986526489,0.9010133302211761,0.8878330540657043,137.4018722813848,9.412806309189092,inf,0.10924426466226578,0.1409841626882553,0.004219156689941883
1,5.9488606452941895,2.1989753246307373,1.7328685760498046,12.531145095825195,1614.9449527263641,0.94924818277359,0.852241404056549,0.9277054989337921,0.9703015032410621,0.9141678845882415,0.9614983749389648,160.58149412801995,8.611769664706983,0.24316405957159143,0.07528815418481827,0.14414788782596588,0.001221811748109758
