,BPR,PR_fan,PR_LC,PR_HC,T4,eta_fan,eta_LC,eta_HC,eta_B,eta_HT,eta_LT,thrust,TSFC,error,est_error,state_loss,error_loss
0,5.189697444438934,2.0503327369689943,1.2115076065063477,12.147537767887115,1607.0891201496124,0.9139909625053405,0.8507480454444885,0.8410497748851776,0.9858779036998748,0.941489461660385,0.8720480334758759,140.8270300000681,9.260781260762114,inf,0.1105942577123642,0.1551799476146698,0.0039033980574458838
1,5.865771174430847,1.715349793434143,1.2173627376556395,13.574482142925262,1743.2503879070282,0.9456563770771026,0.8295682144165039,0.9399762654304504,0.9675181910395622,0.8658827579021454,0.9613046300411224,135.0909809371257,10.539093607365636,0.09881925608455872,0.07805133610963821,0.15377748012542725,0.0005813993629999459
2,5.547267377376556,1.333331958949566,1.4373897314071655,12.542489230632782,1719.510543346405,0.8670382604002952,0.8935672771930695,0.9370792055130004,0.9707161512970924,0.8842530822753906,0.9244392704963684,116.62571259839025,12.876101169399345,0.13530605593675218,0.07492895424365997,0.15090928971767426,0.00018116617866326123
