,BPR,PR_fan,PR_LC,PR_HC,T4,eta_fan,eta_LC,eta_HC,eta_B,eta_HT,eta_LT,thrust,TSFC,error,est_error,state_loss,error_loss
0,5.2656397223472595,2.001536560058594,1.949906587600708,14.365242063999176,1521.1838364601135,0.8608821034431458,0.9190384221076966,0.9220262908935546,0.9637468495965004,0.9574696516990662,0.8990725290775299,160.28806206039292,9.523088725410966,inf,0.1089944988489151,0.16762003302574158,0.003554116003215313
