,BPR,PR_fan,PR_LC,PR_HC,T4,eta_fan,eta_LC,eta_HC,eta_B,eta_HT,eta_LT,thrust,TSFC,error,est_error,state_loss,error_loss
0,5.278359293937683,1.7216254472732544,1.992809534072876,14.513505637645721,1351.4014959335327,0.8942774713039398,0.8524989080429077,0.9253700876235962,0.970622252523899,0.9418940162658691,0.9121648681163788,136.85415687724293,9.711908163222011,inf,0.09789524227380753,0.15289729833602905,0.004319935571402311
