,BPR,PR_fan,PR_LC,PR_HC,T4,eta_fan,eta_LC,eta_HC,eta_B,eta_HT,eta_LT,thrust,TSFC,error,est_error,state_loss,error_loss
0,5.658698856830597,2.4741304874420167,1.2389686584472657,10.965623617172241,1721.432375907898,0.8848443925380707,0.8277933192253112,0.9145343625545501,0.9642299878597259,0.8619342124462127,0.9389713478088378,142.68714978617407,10.261435521232,inf,0.12026344239711761,0.15467675030231476,0.004067026078701019
1,5.658698856830597,2.4741304874420167,1.2389686584472657,10.965623617172241,1721.432375907898,0.8848443925380707,0.8277933192253112,0.9145343625545501,0.9642299878597259,0.8619342124462127,0.9389713478088378,142.68714978617407,10.261435521232,inf,0.07870079576969147,0.15514764189720154,0.0008038213127292693
