,BPR,PR_fan,PR_LC,PR_HC,T4,eta_fan,eta_LC,eta_HC,eta_B,eta_HT,eta_LT,thrust,TSFC,error,est_error,state_loss,error_loss
0,5.437750935554504,2.4001977920532225,1.440068769454956,11.972984373569489,1586.8149280548096,0.9376065552234649,0.8934060823917389,0.8452185833454132,0.9540934398770332,0.8968631184101105,0.9166325521469116,156.56254874348645,9.859001099547145,inf,0.11953452974557877,0.1524919867515564,0.004608279559761286
1,5.437750935554504,2.4001977920532225,1.440068769454956,11.972984373569489,1586.8149280548096,0.9376065552234649,0.8934060823917389,0.8452185833454132,0.9540934398770332,0.8968631184101105,0.9166325521469116,156.56254874348645,9.859001099547145,inf,0.09546491503715515,0.1521250456571579,0.001036255620419979
