,BPR,PR_fan,PR_LC,PR_HC,T4,eta_fan,eta_LC,eta_HC,eta_B,eta_HT,eta_LT,thrust,TSFC,error,est_error,state_loss,error_loss
0,5.9300196170806885,1.3821195840835572,1.7042818546295164,8.352284848690033,1475.7114827632904,0.8924454748630524,0.8408212435245513,0.8706285321712494,0.9781691089272498,0.9566280043125153,0.9672732543945313,107.61258881401274,9.830169489013706,inf,0.09969350695610046,0.15100283920764923,0.004520229529589415
1,5.807393372058868,1.8623120307922365,1.6348922729492188,12.248525559902191,1782.2525382041931,0.9339051127433776,0.870345629453659,0.9032429420948028,0.9832970044016838,0.9365975832939147,0.9661934208869933,141.26717300717976,9.42867919950879,0.144699637087926,0.0837017297744751,0.15097519755363464,0.0008582549635320902
2,5.622047245502472,1.6353070974349975,1.5376787424087524,8.258087698370218,1758.4237933158875,0.8649643033742904,0.8595066499710082,0.8833764070272445,0.9531869353726505,0.9182400321960449,0.9051648777723312,130.634823057764,12.084520353156813,0.07637297605104751,0.07103116810321808,0.15119972825050354,0.00018694218306336552
3,5.629221737384796,1.6236884832382201,1.5332098245620727,8.191381111741066,1763.2361829280853,0.8648395463824272,0.8596381020545959,0.8840214961767197,0.952831922546029,0.9191493606567382,0.9059411418437957,130.4835566256538,12.206614779971922,0.08139820818504667,0.06832645833492279,0.13715079426765442,7.444059883709997e-05
