,BPR,PR_fan,PR_LC,PR_HC,T4,eta_fan,eta_LC,eta_HC,eta_B,eta_HT,eta_LT,thrust,TSFC,error,est_error,state_loss,error_loss
0,5.391122043132782,2.1118176221847533,1.8577881336212159,13.13711941242218,1572.3532021045685,0.9285491943359374,0.8358244729042053,0.9380577111244202,0.977628815472126,0.9257099783420563,0.9460564565658569,162.684031448187,8.905974189588667,inf,0.12156075239181519,0.1638554036617279,0.003939241636544466
1,5.391122043132782,2.1118176221847533,1.8577881336212159,13.13711941242218,1572.3532021045685,0.9285491943359374,0.8358244729042053,0.9380577111244202,0.977628815472126,0.9257099783420563,0.9460564565658569,162.684031448187,8.905974189588667,inf,0.08259879052639008,0.15873880684375763,0.0005799006903544068
2,5.830547034740448,1.4757736146450042,1.3250020503997801,11.38273137807846,1627.0601034164429,0.9189068317413329,0.8420953866839409,0.8626329132914543,0.9589520791172981,0.8616021572053433,0.9653948199748993,117.56237662190885,10.968654766276845,0.07694365567827244,0.07255291193723679,0.15555840730667114,9.895169932860881e-05
