,BPR,PR_fan,PR_LC,PR_HC,T4,eta_fan,eta_LC,eta_HC,eta_B,eta_HT,eta_LT,thrust,TSFC,error,est_error,state_loss,error_loss
0,5.8613768219947815,2.215061068534851,1.6751184463500977,13.124996721744537,1323.8400399684906,0.8538372159004212,0.8448463690280914,0.8579166734218597,0.9860801690816879,0.935669902563095,0.9519628536701202,164.48147136710298,9.281815607527797,inf,0.11909832805395126,0.16062596440315247,0.004380421247333288
1,5.8613768219947815,2.215061068534851,1.6751184463500977,13.124996721744537,1323.8400399684906,0.8538372159004212,0.8448463690280914,0.8579166734218597,0.9860801690816879,0.935669902563095,0.9519628536701202,164.48147136710298,9.281815607527797,inf,0.0859324187040329,0.15960484743118286,0.0008754341397434473
2,5.635882318019867,1.4636036813259126,1.292096608877182,11.185088753700256,1681.0120522975922,0.8664138585329055,0.8282035042345524,0.8752690517902374,0.9646316727995872,0.8803085452318191,0.9455057513713836,120.42581133346289,11.827205007364835,0.07519858369866994,0.06939572840929031,0.15542301535606384,0.00014765362720936537
3,5.643574774265289,1.451873880624771,1.298062366247177,11.132415652275085,1685.8269155025482,0.8659536808729171,0.8274388727545737,0.8755593621730804,0.9642550705373287,0.8807636192440986,0.9461281669139862,120.01102987178335,11.948115990806468,0.08224378570494839,0.0644814521074295,0.14567521214485168,4.5025870349491015e-05
