,BPR,PR_fan,PR_LC,PR_HC,T4,eta_fan,eta_LC,eta_HC,eta_B,eta_HT,eta_LT,thrust,TSFC,error,est_error,state_loss,error_loss
0,5.011192202568054,1.5535947799682617,1.3238029956817627,10.687892377376556,1428.8678646087646,0.9269046545028686,0.9034466874599457,0.9299131894111633,0.96705584526062,0.8768417274951935,0.8837660443782807,117.81785586713056,9.968203240844396,inf,0.11315810680389404,0.15495601296424866,0.004488761071115732
1,5.011192202568054,1.5535947799682617,1.3238029956817627,10.687892377376556,1428.8678646087646,0.9269046545028686,0.9034466874599457,0.9299131894111633,0.96705584526062,0.8768417274951935,0.8837660443782807,117.81785586713056,9.968203240844396,inf,0.1055983230471611,0.15440917015075684,0.0008318513282574713
