,BPR,PR_fan,PR_LC,PR_HC,T4,eta_fan,eta_LC,eta_HC,eta_B,eta_HT,eta_LT,thrust,TSFC,error,est_error,state_loss,error_loss
0,5.671096742153168,1.662643814086914,1.5787944793701172,9.933523893356323,1701.2264907360077,0.9020784378051757,0.8627582085132599,0.9120622181892395,0.9813858848810195,0.9337082839012145,0.9556021046638489,132.58176320643682,10.371891204270604,inf,0.11889807134866714,0.16718563437461853,0.004010705277323723
1,5.671096742153168,1.662643814086914,1.5787944793701172,9.933523893356323,1701.2264907360077,0.9020784378051757,0.8627582085132599,0.9120622181892395,0.9813858848810195,0.9337082839012145,0.9556021046638489,132.58176320643682,10.371891204270604,inf,0.07301241159439087,0.16495439410209656,0.000713369227014482
