,BPR,PR_fan,PR_LC,PR_HC,T4,eta_fan,eta_LC,eta_HC,eta_B,eta_HT,eta_LT,thrust,TSFC,error,est_error,state_loss,error_loss
0,5.101698100566864,2.0920340061187743,1.4298247814178466,10.464034616947174,1307.8809559345245,0.8996079087257385,0.875028384923935,0.9031041646003722,0.9717315363883972,0.9036395466327667,0.8894588303565979,140.52671300871472,9.472223443472933,inf,0.11324357241392136,0.15465497970581055,0.004333407152444124
1,5.101698100566864,2.0920340061187743,1.4298247814178466,10.464034616947174,1307.8809559345245,0.8996079087257385,0.875028384923935,0.9031041646003722,0.9717315363883972,0.9036395466327667,0.8894588303565979,140.52671300871472,9.472223443472933,inf,0.07218535244464874,0.15521523356437683,0.000604717992246151
