,BPR,PR_fan,PR_LC,PR_HC,T4,eta_fan,eta_LC,eta_HC,eta_B,eta_HT,eta_LT,thrust,TSFC,error,est_error,state_loss,error_loss
0,5.474375784397125,1.6652607202529908,1.853257703781128,9.374252080917358,1365.9372210502625,0.9036142647266387,0.883925713300705,0.8818405652046203,0.9536615559458732,0.9593340015411377,0.8908890378475189,116.7097709490195,9.552549747453549,inf,0.10825762897729874,0.14894765615463257,0.004359469749033451
1,5.2573447823524475,1.6534321069717408,1.8188880920410155,13.00084000825882,1686.7734968662262,0.9142271995544433,0.9176237714290619,0.8554216766357422,0.9944691962003708,0.945912698507309,0.8997172248363495,130.67374104778952,9.327557147705974,0.12212101592862365,0.07336796820163727,0.15029481053352356,0.0008706189692020416
