,BPR,PR_fan,PR_LC,PR_HC,T4,eta_fan,eta_LC,eta_HC,eta_B,eta_HT,eta_LT,thrust,TSFC,error,est_error,state_loss,error_loss
0,5.614327788352966,2.213583993911743,1.2752675056457519,10.448917031288147,1544.4219589233398,0.9024293303489684,0.8754088711738587,0.9310514712333678,0.9550566774606705,0.901016262769699,0.9122856867313385,131.9955367111504,9.905277249908442,inf,0.12320245802402496,0.16124145686626434,0.004275472369045019
1,5.614327788352966,2.213583993911743,1.2752675056457519,10.448917031288147,1544.4219589233398,0.9024293303489684,0.8754088711738587,0.9310514712333678,0.9550566774606705,0.901016262769699,0.9122856867313385,131.9955367111504,9.905277249908442,inf,0.08542574197053909,0.16253548860549927,0.0006703092949464917
