,BPR,PR_fan,PR_LC,PR_HC,T4,eta_fan,eta_LC,eta_HC,eta_B,eta_HT,eta_LT,thrust,TSFC,error,est_error,state_loss,error_loss
0,5.718365788459778,1.3015767097473145,1.3245308876037598,13.349276721477509,1475.98757147789,0.9176216423511505,0.8951461267471313,0.9360777223110198,0.9835289001464843,0.8768536841869354,0.9353212308883667,104.49465195495124,10.464096221154296,inf,0.10160332173109055,0.14535370469093323,0.0041994089260697365
1,5.877537488937378,2.3105799674987795,1.277465581893921,9.827860176563263,1700.1041948795319,0.8754059612751007,0.9088327658176423,0.9396934354305266,0.9553248339891434,0.9306625521183014,0.9424212884902954,131.53597056549702,10.24038195117887,0.09272586207858288,0.08500667661428452,0.1466521918773651,0.0009594126604497433
