,BPR,PR_fan,PR_LC,PR_HC,T4,eta_fan,eta_LC,eta_HC,eta_B,eta_HT,eta_LT,thrust,TSFC,error,est_error,state_loss,error_loss
0,5.945799708366394,2.3128873825073244,1.6550272941589355,13.16039764881134,1308.308857679367,0.8531505644321441,0.8870474946498871,0.887351062297821,0.9741069436073303,0.9397834455966949,0.9182050538063049,161.16386684724824,9.657516678117172,inf,0.12060359120368958,0.155059814453125,0.004513191524893045
1,5.945799708366394,2.3128873825073244,1.6550272941589355,13.16039764881134,1308.308857679367,0.8531505644321441,0.8870474946498871,0.887351062297821,0.9741069436073303,0.9397834455966949,0.9182050538063049,161.16386684724824,9.657516678117172,inf,0.09894558787345886,0.153768390417099,0.000831417681183666
2,5.914990544319153,1.3972368091344833,1.6387198448181153,8.898000463843346,1751.7360627651215,0.903685599565506,0.9085784387588501,0.9124097967147826,0.9735806807875633,0.8848069658875465,0.8921490830183029,119.27129875296038,12.657460350206312,0.11902824563165332,0.08299219608306885,0.1509215235710144,0.00022591580636799335
