,BPR,PR_fan,PR_LC,PR_HC,T4,eta_fan,eta_LC,eta_HC,eta_B,eta_HT,eta_LT,thrust,TSFC,error,est_error,state_loss,error_loss
0,5.821456015110016,1.9532488584518433,1.2070306301116942,11.973702013492584,1610.367375612259,0.944038826227188,0.9181450080871583,0.8968895637989044,0.9635170137882232,0.9264429545402526,0.9167879116535187,138.26692752585006,8.763209387916122,inf,0.10591557621955872,0.15383300185203552,0.003983073867857456
1,5.822800040245056,1.8036481142044067,1.3101260185241699,11.988171219825745,1758.3068192005157,0.9236511588096619,0.9147522699832916,0.9350372695922851,0.9899509963393212,0.9214000380039215,0.9515901756286621,140.27208915678983,10.122503509595271,0.12155009252833615,0.07785939425230026,0.15096232295036316,0.0009412912186235189
2,5.816730618476868,1.3191661313176155,1.828371238708496,11.256638705730438,1685.5207562446594,0.8745575711131096,0.8387840029597282,0.8509940402209758,0.9714225848019122,0.9511856591701507,0.9226509582996368,110.08767087949491,11.488343583160416,0.10337753473334627,0.07201196998357773,0.15185534954071045,0.000242480484303087
