,BPR,PR_fan,PR_LC,PR_HC,T4,eta_fan,eta_LC,eta_HC,eta_B,eta_HT,eta_LT,thrust,TSFC,error,est_error,state_loss,error_loss
0,5.658452391624451,1.972395968437195,1.791310930252075,9.497575581073761,1645.411479473114,0.8799830555915832,0.9164513599872589,0.9069946193695068,0.9762891191244125,0.8927463924884796,0.9282202076911926,140.66959341344392,8.902553997606178,inf,0.12576714158058167,0.1737389713525772,0.0034600654616951942
1,5.658452391624451,1.972395968437195,1.791310930252075,9.497575581073761,1645.411479473114,0.8799830555915832,0.9164513599872589,0.9069946193695068,0.9762891191244125,0.8927463924884796,0.9282202076911926,140.66959341344392,8.902553997606178,inf,0.08102315664291382,0.17102299630641937,0.0005039172247052193
2,5.556487023830414,1.4298158317804337,1.3011743903160096,8.735275037586689,1609.63933467865,0.85,0.8293053631484508,0.8863609784841537,0.9572910420596599,0.9356440639495849,0.9528936874866485,117.42975591581424,12.242387043715032,0.10811844615518285,0.06438612937927246,0.16681033372879028,0.00011682439799187705
