,BPR,PR_fan,PR_LC,PR_HC,T4,eta_fan,eta_LC,eta_HC,eta_B,eta_HT,eta_LT,thrust,TSFC,error,est_error,state_loss,error_loss
0,5.176726400852203,2.2348799467086793,1.8941100597381593,11.859245538711548,1497.411298751831,0.8821317374706268,0.8783567798137665,0.8611728990077973,0.9670330464839935,0.9498030519485473,0.8994587552547455,165.751955807551,9.81481102622436,inf,0.1016913428902626,0.15621885657310486,0.004077628254890442
1,5.9211907386779785,1.564168119430542,1.974765682220459,13.161447823047638,1744.223701953888,0.9329844892024993,0.8650552821159363,0.8727990531921387,0.9638664412498473,0.9444624519348144,0.9597761166095733,125.69733571228174,9.637555314720748,0.09770629131473134,0.08134125173091888,0.15493907034397125,0.0005271818372420967
