,BPR,PR_fan,PR_LC,PR_HC,T4,eta_fan,eta_LC,eta_HC,eta_B,eta_HT,eta_LT,thrust,TSFC,error,est_error,state_loss,error_loss
0,5.74144172668457,2.1739666938781737,1.6680146694183349,11.695168018341064,1406.9452166557312,0.9035636663436889,0.8306623470783233,0.8708501958847046,0.9582588031888007,0.8769264674186706,0.9626287591457366,153.81604806147115,9.467997750200773,inf,0.1088685691356659,0.14973852038383484,0.004593393299728632
