,BPR,PR_fan,PR_LC,PR_HC,T4,eta_fan,eta_LC,eta_HC,eta_B,eta_HT,eta_LT,thrust,TSFC,error,est_error,state_loss,error_loss
0,5.214201092720032,1.391970944404602,1.5945486545562744,10.83666080236435,1632.5250148773193,0.8779728829860687,0.9094932687282562,0.8617692077159881,0.9609803682565689,0.9433447337150573,0.9273111355304717,118.16695063381209,11.791319069079456,inf,0.11202085018157959,0.15713422000408173,0.003922276198863983
