,BPR,PR_fan,PR_LC,PR_HC,T4,eta_fan,eta_LC,eta_HC,eta_B,eta_HT,eta_LT,thrust,TSFC,error,est_error,state_loss,error_loss
0,5.876551270484924,1.5477850437164307,1.288559293746948,11.669147729873657,1757.6098322868347,0.9077950656414031,0.8474900078773498,0.9168110513687133,0.9771325692534446,0.9538546478748321,0.892292184829712,128.6979663088763,11.46408028334283,inf,0.1108851283788681,0.15466928482055664,0.004519212059676647
1,5.928761124610901,1.5799010276794434,1.8229689598083496,13.000439047813416,1717.9053604602814,0.9454434335231781,0.9130445671081543,0.8920980715751647,0.9791437727212906,0.8974716460704804,0.8764117550849915,125.1882607030773,9.732070751297186,0.0976203755832271,0.07562866061925888,0.15145185589790344,0.000866949965711683
2,5.055286318063736,1.3808078318834305,1.226997536420822,10.327410161495209,1580.7514369487762,0.8529671909287572,0.8859014403820038,0.8700460666418075,0.9796672996878624,0.9144800519943237,0.8866736915707588,116.64245531989538,12.356865338950588,0.11124616337417595,0.07097390294075012,0.15105095505714417,0.00026581878773868084
