,BPR,PR_fan,PR_LC,PR_HC,T4,eta_fan,eta_LC,eta_HC,eta_B,eta_HT,eta_LT,thrust,TSFC,error,est_error,state_loss,error_loss
0,5.899581491947174,2.49961998462677,1.3657784938812256,8.866411685943604,1731.532233953476,0.8707271814346313,0.9115907621383668,0.9270355069637298,0.9695090553164482,0.8615629231929779,0.9099107933044434,140.01856604324817,10.099668458915597,inf,0.10248073935508728,0.14559125900268555,0.0058665149845182896
1,5.849525094032288,1.999006986618042,1.883766508102417,11.880109667778015,1721.2372601032257,0.9402641892433166,0.8685198080539703,0.899293657541275,0.9913872951269149,0.9510820662975311,0.9204225790500641,154.23828583725557,8.372737329570798,0.22814198990191797,0.06351388245820999,0.14558416604995728,0.0009625957463867962
