,BPR,PR_fan,PR_LC,PR_HC,T4,eta_fan,eta_LC,eta_HC,eta_B,eta_HT,eta_LT,thrust,TSFC,error,est_error,state_loss,error_loss
0,5.847673058509827,1.832780694961548,1.2637688636779785,11.745396554470062,1565.4336392879486,0.8674588084220886,0.8940332067012787,0.8940773689746856,0.9820840290188789,0.8965369796752929,0.9386141014099121,119.67789627553766,9.31967166194901,inf,0.124301016330719,0.16759952902793884,0.002827717224135995
1,5.847673058509827,1.832780694961548,1.2637688636779785,11.745396554470062,1565.4336392879486,0.8674588084220886,0.8940332067012787,0.8940773689746856,0.9820840290188789,0.8965369796752929,0.9386141014099121,119.67789627553766,9.31967166194901,inf,0.08735391497612,0.1662929207086563,0.0006818001274950802
