,BPR,PR_fan,PR_LC,PR_HC,T4,eta_fan,eta_LC,eta_HC,eta_B,eta_HT,eta_LT,thrust,TSFC,error,est_error,state_loss,error_loss
0,5.963062107563019,2.195496392250061,1.4899898052215577,10.988575994968414,1434.5094740390778,0.8731565952301025,0.8384583723545074,0.9006091320514679,0.9550746616721153,0.8753907299041748,0.8908247363567352,136.53216559979595,10.185990362939474,inf,0.1233990490436554,0.1659712940454483,0.0042676785960793495
1,5.963062107563019,2.195496392250061,1.4899898052215577,10.988575994968414,1434.5094740390778,0.8731565952301025,0.8384583723545074,0.9006091320514679,0.9550746616721153,0.8753907299041748,0.8908247363567352,136.53216559979595,10.185990362939474,inf,0.08988175541162491,0.16663038730621338,0.0007876905146986246
2,5.579661071300507,1.397309085726738,1.48024423122406,11.59274411201477,1762.5650346279144,0.8746124431490898,0.8384724316000938,0.93927738904953,0.9629862676560879,0.9540185070037841,0.9092837703227996,122.5743702982765,12.788550520515914,0.11252990932768485,0.0806703269481659,0.16293729841709137,0.00019389348744880408
3,5.44139564037323,1.4574146270751953,1.7335679531097412,8.556264035403728,1670.2445924282074,0.8809263080358505,0.8852208566665649,0.9248551511764526,0.9585787679255008,0.8838909319043159,0.9295725655555724,122.5536697651925,12.14564822015027,0.08167851770625353,0.07399424910545349,0.15101099014282227,6.817589019192383e-05
4,5.423662096261978,1.425005102157593,1.7436920642852782,8.658458203077316,1684.5536708831787,0.8781888395547867,0.8882114124298096,0.9239172720909118,0.957588981166482,0.8851224428415299,0.9277089071273803,121.48109738228084,12.510266633011653,0.1013547270860367,0.06844852864742279,0.14033439755439758,4.3802465370390564e-05
5,5.312132835388184,1.5366178274154663,1.2383964598178863,11.837556958198547,1736.2956583499908,0.8672688335180282,0.8398756918311119,0.9076552057266235,0.9778281626105308,0.96,0.9240793478488922,131.3577809693043,11.953658283350979,0.07880172089156617,0.06757942587137222,0.13398294150829315,5.993432205286808e-05
6,5.285005629062653,1.5109566152095795,1.2281505912542343,11.681986808776855,1749.8400688171387,0.8659878194332122,0.8386249643564224,0.9050726079940795,0.9776598969101906,0.96,0.9219314408302307,130.87412025795373,12.323285041268457,0.09272644896070256,0.0676303431391716,0.119174525141716,4.852754864259623e-05
