,BPR,PR_fan,PR_LC,PR_HC,T4,eta_fan,eta_LC,eta_HC,eta_B,eta_HT,eta_LT,thrust,TSFC,error,est_error,state_loss,error_loss
0,5.580764591693878,2.139851927757263,1.4826698780059815,11.568256318569183,1431.5920948982239,0.9418588519096374,0.8878700923919678,0.8901301944255828,0.9654246893525124,0.9022808051109313,0.9436618816852569,149.2254311590349,8.944989305104569,inf,0.11140861362218857,0.1467907428741455,0.005040570627897978
