,BPR,PR_fan,PR_LC,PR_HC,T4,eta_fan,eta_LC,eta_HC,eta_B,eta_HT,eta_LT,thrust,TSFC,error,est_error,state_loss,error_loss
0,5.563929736614227,1.4550369024276735,1.6011240482330322,14.920459628105164,1347.5165247917175,0.8530170559883118,0.837480331659317,0.8921125078201293,0.9647108677029609,0.957373342514038,0.8854944479465484,113.49819822710683,9.463842377455691,inf,0.12725730240345,0.16554753482341766,0.003893667832016945
1,5.563929736614227,1.4550369024276735,1.6011240482330322,14.920459628105164,1347.5165247917175,0.8530170559883118,0.837480331659317,0.8921125078201293,0.9647108677029609,0.957373342514038,0.8854944479465484,113.49819822710683,9.463842377455691,inf,0.08934437483549118,0.16399109363555908,0.0007610140601173043
