,BPR,PR_fan,PR_LC,PR_HC,T4,eta_fan,eta_LC,eta_HC,eta_B,eta_HT,eta_LT,thrust,TSFC,error,est_error,state_loss,error_loss
0,5.108021855354309,2.1561457395553587,1.4982594013214112,10.496965944766998,1483.0607056617737,0.8593733191490173,0.8467630875110626,0.8979045832157134,0.9537257868051529,0.913477019071579,0.9341394197940827,147.48978567818088,9.904526052422556,inf,0.10935332626104355,0.14558905363082886,0.004825846757739782
1,5.872576832771301,1.8782317638397217,1.3127382278442383,14.24813574552536,1478.7849366664886,0.914517468214035,0.8746671152114868,0.9368979954719543,0.9696749123930931,0.9558782970905304,0.9466069531440735,130.56281428460423,8.95850948716987,0.13248879910988554,0.06294888257980347,0.14481237530708313,0.0010644040303304791
