,BPR,PR_fan,PR_LC,PR_HC,T4,eta_fan,eta_LC,eta_HC,eta_B,eta_HT,eta_LT,thrust,TSFC,error,est_error,state_loss,error_loss
0,5.5301673412323,1.5954708576202392,1.233116626739502,13.086534559726715,1590.1106774806976,0.8918859362602234,0.8269908678531647,0.8806233251094817,0.9602786111831665,0.8802435553073883,0.9326332819461822,121.70986766715441,10.196075690125328,inf,0.10485351830720901,0.14828813076019287,0.004257968161255121
1,5.833398282527924,1.549290943145752,1.2127442359924316,10.318120896816254,1790.634948015213,0.9380322337150573,0.8403123092651367,0.9371558153629302,0.9847569307684898,0.9582693135738373,0.9429312062263489,132.36646713124554,12.106126715626251,0.09389510564253051,0.08326885849237442,0.15160870552062988,0.0008148869383148849
2,5.107395403087139,1.5342647790908814,1.8114551544189452,10.001575767993927,1766.7207896709442,0.8556067574769258,0.8364002671837807,0.9048375391960144,0.9773308971524238,0.8880942022800445,0.9641079914569854,132.23677153987134,11.856916673122381,0.08009305807840011,0.0765714943408966,0.14987803995609283,0.00012811126362066716
3,5.111138932406902,1.5247921466827392,1.8185350894927979,9.969479739665985,1771.7114567756653,0.8557967115193605,0.8373433691263199,0.9052621448040008,0.9775874558091163,0.8888864642381668,0.964961541891098,132.068043924961,11.94898996933291,0.08361428033173018,0.073324054479599,0.13627178966999054,6.804543954785913e-05
