,BPR,PR_fan,PR_LC,PR_HC,T4,eta_fan,eta_LC,eta_HC,eta_B,eta_HT,eta_LT,thrust,TSFC,error,est_error,state_loss,error_loss
0,5.691835105419159,1.7522581338882446,1.2633558273315428,11.151179850101471,1781.9101989269257,0.882994782924652,0.9125942659378052,0.8759578967094421,0.9533821448683738,0.9056938207149505,0.9664537799358368,136.5566760085833,11.295223464411734,inf,0.11393064260482788,0.14767605066299438,0.004065508022904396
1,5.691835105419159,1.7522581338882446,1.2633558273315428,11.151179850101471,1781.9101989269257,0.882994782924652,0.9125942659378052,0.8759578967094421,0.9533821448683738,0.9056938207149505,0.9664537799358368,136.5566760085833,11.295223464411734,inf,0.06953661143779755,0.14758583903312683,0.0006856206455267966
