,BPR,PR_fan,PR_LC,PR_HC,T4,eta_fan,eta_LC,eta_HC,eta_B,eta_HT,eta_LT,thrust,TSFC,error,est_error,state_loss,error_loss
0,5.17100316286087,2.475320744514465,1.3378355979919434,12.115123808383942,1387.7528190612793,0.9221521794795989,0.8817136418819428,0.9033223474025726,0.9682730746269226,0.8780904507637024,0.8950825405120849,154.84251595421654,9.925073300821207,inf,0.1189311146736145,0.15333127975463867,0.003789488459005952
1,5.17100316286087,2.475320744514465,1.3378355979919434,12.115123808383942,1387.7528190612793,0.9221521794795989,0.8817136418819428,0.9033223474025726,0.9682730746269226,0.8780904507637024,0.8950825405120849,154.84251595421654,9.925073300821207,inf,0.09843973070383072,0.152482271194458,0.0009992097038775682
2,5.220168322324753,1.8237752318382263,1.7009640693664552,8.0,1757.1003317832947,0.9361957192420959,0.8370097470283508,0.8504112014174461,0.9703275850415229,0.8940529203414916,0.875778944119811,138.4239139774202,11.261416917130417,0.07546876948150547,0.07875919342041016,0.14694294333457947,0.00019153188623022288
