,BPR,PR_fan,PR_LC,PR_HC,T4,eta_fan,eta_LC,eta_HC,eta_B,eta_HT,eta_LT,thrust,TSFC,error,est_error,state_loss,error_loss
0,5.041969835758209,1.3501537322998047,1.6483148097991944,11.98919302225113,1799.8629987239838,0.8949639856815338,0.8653796982765197,0.9240474963188171,0.9564846667647361,0.9271491920948028,0.9316947293281554,124.57863869325956,13.927695621864599,inf,0.10628507286310196,0.15319664776325226,0.005188928917050362
1,5.988284945487976,2.0084558010101317,1.7865179538726808,13.025155901908875,1724.3566393852234,0.9447559893131255,0.9034040641784669,0.8812591695785522,0.9834538358449936,0.9130759036540985,0.9670121562480927,155.40779550048447,8.408617034279176,0.23132404849426463,0.07531590014696121,0.15513405203819275,0.001058874069713056
