,BPR,PR_fan,PR_LC,PR_HC,T4,eta_fan,eta_LC,eta_HC,eta_B,eta_HT,eta_LT,thrust,TSFC,error,est_error,state_loss,error_loss
0,5.64779657125473,2.1606571435928346,1.472506332397461,8.246733784675598,1392.1618044376373,0.9229058265686034,0.8331755650043488,0.8862648212909698,0.9544619244337081,0.9477209305763244,0.9478230369091034,137.15480130156348,9.21838980880599,inf,0.0973958894610405,0.15116603672504425,0.004579966422170401
