,BPR,PR_fan,PR_LC,PR_HC,T4,eta_fan,eta_LC,eta_HC,eta_B,eta_HT,eta_LT,thrust,TSFC,error,est_error,state_loss,error_loss
0,5.346787989139557,2.3732089042663573,1.5787829399108886,13.440068185329437,1352.438646554947,0.8633312284946442,0.8558757138252258,0.9291166508197783,0.9687966203689575,0.8812056994438171,0.9497516345977783,167.87728561013563,9.655771314974862,inf,0.09995383769273758,0.15272779762744904,0.005305592902004719
