,BPR,PR_fan,PR_LC,PR_HC,T4,eta_fan,eta_LC,eta_HC,eta_B,eta_HT,eta_LT,thrust,TSFC,error,est_error,state_loss,error_loss
0,5.672272205352783,2.1123944759368896,1.3314708232879637,10.420017004013062,1664.0030026435852,0.9391200602054596,0.8501335513591766,0.8604462349414825,0.9553390228748321,0.8633378303050995,0.9010783982276916,130.90209755371546,9.78475462695317,inf,0.1129373088479042,0.15051361918449402,0.0046782540157437325
1,5.672272205352783,2.1123944759368896,1.3314708232879637,10.420017004013062,1664.0030026435852,0.9391200602054596,0.8501335513591766,0.8604462349414825,0.9553390228748321,0.8633378303050995,0.9010783982276916,130.90209755371546,9.78475462695317,inf,0.07699399441480637,0.1510106325149536,0.0008575995452702045
2,5.640613257884979,1.5151025593280794,1.6122330188751222,10.58824598789215,1629.0551602840424,0.8712406367063522,0.8383146581053733,0.8479068869352341,0.9626290135085582,0.8746623447537422,0.9681345951557159,118.59431929642571,10.446128969263928,0.0917162047768684,0.06555033475160599,0.14580334722995758,0.00014927276060916483
3,5.753102660179138,1.502458965778351,1.5065506935119628,8.377351839095354,1711.6338789463043,0.8512711435556412,0.8533781242370605,0.9275149130821227,0.9739163297414779,0.8894494360685349,0.9171453011035919,124.09857678438688,12.079021520972764,0.0756971911006897,0.0669032633304596,0.13652633130550385,6.953372940188274e-05
4,5.7725719809532166,1.467460608482361,1.505675458908081,8.19868073798716,1724.6236979961395,0.8515379819087684,0.8529817563295364,0.9265607798099518,0.9727699160575867,0.8873510038852691,0.9154821288585663,122.72233631325551,12.483088675956267,0.09837450792564187,0.06733760237693787,0.12658526003360748,5.390311707742512e-05
