,BPR,PR_fan,PR_LC,PR_HC,T4,eta_fan,eta_LC,eta_HC,eta_B,eta_HT,eta_LT,thrust,TSFC,error,est_error,state_loss,error_loss
0,5.291392385959625,1.7462640762329102,1.216230535507202,13.143333673477173,1787.6252710819244,0.8671606302261352,0.8902752709388733,0.9130342030525207,0.9589076510071755,0.8736279702186585,0.9446443688869476,139.47731948642834,11.580070594960091,inf,0.12599854171276093,0.16070476174354553,0.0034144639503210783
1,5.291392385959625,1.7462640762329102,1.216230535507202,13.143333673477173,1787.6252710819244,0.8671606302261352,0.8902752709388733,0.9130342030525207,0.9589076510071755,0.8736279702186585,0.9446443688869476,139.47731948642834,11.580070594960091,inf,0.09189218282699585,0.16009609401226044,0.0009896354749798775
2,5.866168200969696,1.362742903828621,1.3649265050888062,13.816102743148804,1671.768206357956,0.9422626435756682,0.8279898439347744,0.9079853975772857,0.9811114546656609,0.9358091986179351,0.8862778213620186,114.97945214952864,11.325737330438608,0.08181947896879016,0.0806153267621994,0.1543123424053192,0.00021957785065751523
