,BPR,PR_fan,PR_LC,PR_HC,T4,eta_fan,eta_LC,eta_HC,eta_B,eta_HT,eta_LT,thrust,TSFC,error,est_error,state_loss,error_loss
0,5.181925475597382,2.228966569900513,1.7376684188842773,12.996674358844757,1670.171457529068,0.8827783048152923,0.8426353347301483,0.9069788181781768,0.9555148282647132,0.9083308017253875,0.9166410160064697,163.96468066064864,9.82974581687335,inf,0.10171754658222198,0.15350878238677979,0.003447846742346883
1,5.871413469314575,1.7493532657623292,1.796441650390625,14.35217434167862,1774.794864654541,0.9147811532020569,0.8954595756530762,0.8898350858688354,0.9906376686692238,0.9359015381336212,0.9370423448085785,134.62345038143255,8.984749316824722,0.13786002554866517,0.08546309173107147,0.15262170135974884,0.0007081070216372609
2,5.923149526119232,1.3177856028079986,1.9551791667938232,10.416469693183899,1735.0959658622742,0.8939128398895263,0.844306035041809,0.902708956003189,0.9619988633692265,0.902410409450531,0.8808131594955921,111.407033488805,12.374449246039145,0.1372800544199907,0.06837160885334015,0.14903561770915985,0.00016263415454886854
