,BPR,PR_fan,PR_LC,PR_HC,T4,eta_fan,eta_LC,eta_HC,eta_B,eta_HT,eta_LT,thrust,TSFC,error,est_error,state_loss,error_loss
0,5.418980538845062,1.5177503108978272,1.7457236289978026,14.783777594566345,1566.2377655506134,0.9230974376201629,0.8431330513954163,0.9072855794429778,0.9659473472833633,0.8697132682800293,0.904863930940628,118.40554111521107,9.480721124295862,inf,0.10860218852758408,0.15253782272338867,0.004788094200193882
1,5.977221846580505,2.006369185447693,1.5156595706939697,9.82036167383194,1792.7392899990082,0.9310252010822295,0.8986287903785706,0.9321120643615722,0.9598580542206764,0.9514824664592743,0.923369140625,154.00517099480786,9.481656750595072,0.19655863489362954,0.09454452991485596,0.15534423291683197,0.0010324057657271624
