,BPR,PR_fan,PR_LC,PR_HC,T4,eta_fan,eta_LC,eta_HC,eta_B,eta_HT,eta_LT,thrust,TSFC,error,est_error,state_loss,error_loss
0,5.063399255275726,2.18662850856781,1.423903799057007,14.586212158203125,1654.3255627155304,0.8649065494537354,0.8829426479339599,0.8758465135097503,0.9767141553759575,0.8640677607059478,0.876368350982666,154.21672067860848,10.140304866399426,inf,0.1085994616150856,0.15210291743278503,0.0037861003074795008
1,5.690266788005829,1.3521172523498535,1.7882704257965087,11.228303611278534,1772.4225997924805,0.8880167841911315,0.8955148530006409,0.8766539418697357,0.9845616525411606,0.9545847451686859,0.9686097812652588,118.86501983917759,12.12711030062885,0.09739887491117043,0.07390645146369934,0.1506742537021637,0.0007649616454727948
