,BPR,PR_fan,PR_LC,PR_HC,T4,eta_fan,eta_LC,eta_HC,eta_B,eta_HT,eta_LT,thrust,TSFC,error,est_error,state_loss,error_loss
0,5.25382798910141,1.6907201766967774,1.5744172096252442,13.78426706790924,1739.1524493694305,0.8787600815296173,0.8941175830364227,0.860175302028656,0.9856417539715767,0.9382755672931671,0.9052877616882324,133.93675523746154,9.975681047110204,inf,0.10422597825527191,0.16511574387550354,0.003899180795997381
