,BPR,PR_fan,PR_LC,PR_HC,T4,eta_fan,eta_LC,eta_HC,eta_B,eta_HT,eta_LT,thrust,TSFC,error,est_error,state_loss,error_loss
0,5.7071362137794495,1.9224711894989013,1.2765642166137694,8.983337759971619,1432.9689025878906,0.9159494280815124,0.8903000009059906,0.9327166938781738,0.9558110272884368,0.9562916254997254,0.8892790806293488,106.64029932099471,10.102984643070332,inf,0.11690397560596466,0.15953487157821655,0.004314239136874676
1,5.7071362137794495,1.9224711894989013,1.2765642166137694,8.983337759971619,1432.9689025878906,0.9159494280815124,0.8903000009059906,0.9327166938781738,0.9558110272884368,0.9562916254997254,0.8892790806293488,106.64029932099471,10.102984643070332,inf,0.09096122533082962,0.15929009020328522,0.0008540869457647204
