,BPR,PR_fan,PR_LC,PR_HC,T4,eta_fan,eta_LC,eta_HC,eta_B,eta_HT,eta_LT,thrust,TSFC,error,est_error,state_loss,error_loss
0,5.319289684295654,1.4392418384552002,1.7779778003692628,13.892086625099182,1683.525013923645,0.8593220889568328,0.8494610381126404,0.8725558304786681,0.9760799551010132,0.9182751512527465,0.8994384181499481,119.35725651568457,10.521946185838535,inf,0.10700677335262299,0.1573496013879776,0.0037826846819370985
1,5.623824715614319,1.7833116054534912,1.5164320468902588,10.148651897907257,1752.425867319107,0.9229992568492889,0.8900325429439545,0.9388732516765594,0.9502149629592895,0.9473179256916046,0.919526047706604,138.80013845051806,10.976290386327383,0.0842106883835958,0.07736861705780029,0.15684425830841064,0.0007360688177868724
