,BPR,PR_fan,PR_LC,PR_HC,T4,eta_fan,eta_LC,eta_HC,eta_B,eta_HT,eta_LT,thrust,TSFC,error,est_error,state_loss,error_loss
0,5.321191072463989,1.9775214195251465,1.9041561603546142,10.659336149692535,1503.8246393203735,0.9152993857860565,0.9010282051563263,0.9293816947937011,0.9845122891664505,0.8662817096710205,0.8770672988891601,144.26282292146755,9.029158519961262,inf,0.10196550190448761,0.1514430195093155,0.004040712025016546
1,5.663384675979614,1.3184410810470581,1.801799201965332,12.371607482433319,1691.7618989944458,0.931630676984787,0.9150611114501953,0.8401421451568604,0.9726756551861763,0.943248108625412,0.969887591600418,112.34790072214432,11.460234944898192,0.09671583351797122,0.08047841489315033,0.15120016038417816,0.001018671435303986
