,BPR,PR_fan,PR_LC,PR_HC,T4,eta_fan,eta_LC,eta_HC,eta_B,eta_HT,eta_LT,thrust,TSFC,error,est_error,state_loss,error_loss
0,5.763325095176697,2.3457048177719115,1.6208644390106202,8.864897966384888,1487.9464089870453,0.920151400566101,0.8606997203826904,0.8467246496677399,0.9849435427784919,0.9060150003433227,0.9042397272586823,146.53539881874872,9.483527697021414,inf,0.10306039452552795,0.1481504738330841,0.00416396651417017
1,5.798920810222626,1.3823800802230835,1.699755573272705,14.962014734745026,1793.6515986919403,0.867061299085617,0.9133748304843903,0.8977605545520781,0.9575728175044059,0.9041943347454071,0.9649956655502319,119.00318986668042,11.834292717868584,0.09022516411780591,0.07320526242256165,0.1476343721151352,0.0006613216828554869
