,BPR,PR_fan,PR_LC,PR_HC,T4,eta_fan,eta_LC,eta_HC,eta_B,eta_HT,eta_LT,thrust,TSFC,error,est_error,state_loss,error_loss
0,5.546958267688751,2.246661067008972,1.246401834487915,14.909337043762207,1671.7033863067627,0.9216674566268921,0.840797449350357,0.9100622260570526,0.9742495808005333,0.9254704928398132,0.8970374596118927,153.77805883068737,9.206793850671145,inf,0.09548114240169525,0.15621519088745117,0.0038320133462548256
1,5.865565061569214,1.8805505514144898,1.6016594409942626,14.358061075210571,1768.8797891139984,0.8573106527328491,0.9184929025173187,0.9312264585494995,0.9816514047980308,0.9380992090702056,0.9601922225952149,138.95955670437792,9.140515290992967,0.15722734567616845,0.07858821004629135,0.15551742911338806,0.0006789258914068341
2,5.256515234708786,1.5645797491073608,1.7460237979888915,9.812777429819107,1786.9259297847748,0.8777267247438431,0.917689175605774,0.8808096462488174,0.9692698559165001,0.8947827762365341,0.949059225320816,133.4656074374676,11.990499547419084,0.0863207014061985,0.06337853521108627,0.15069830417633057,0.00014015076158102602
