,BPR,PR_fan,PR_LC,PR_HC,T4,eta_fan,eta_LC,eta_HC,eta_B,eta_HT,eta_LT,thrust,TSFC,error,est_error,state_loss,error_loss
0,5.777655243873596,1.884664273262024,1.7204813957214355,10.936393141746521,1534.9921762943268,0.8813293695449829,0.8251526308059692,0.8899214112758635,0.963551372885704,0.8892205214500427,0.9177451860904693,127.88949684230765,9.897900224073268,inf,0.10723821818828583,0.148904487490654,0.004661054350435734
1,5.02333390712738,1.3930442571640016,1.940890407562256,10.73508471250534,1796.0579574108124,0.8513120293617248,0.9137518894672394,0.9237991774082184,0.9791791215538979,0.8681160187721252,0.90519686460495,126.75850664218157,13.081811113196949,0.11499979085200887,0.06749425828456879,0.14774374663829803,0.0006640568608418107
