,BPR,PR_fan,PR_LC,PR_HC,T4,eta_fan,eta_LC,eta_HC,eta_B,eta_HT,eta_LT,thrust,TSFC,error,est_error,state_loss,error_loss
0,5.0710044503211975,1.7104251861572266,1.4431828022003175,10.320424437522888,1423.5114932060242,0.8606631517410278,0.9076651465892792,0.8880704307556152,0.9873125556111335,0.8976693904399872,0.9566771399974823,118.98591280032645,9.349412694895925,inf,0.10633350908756256,0.15296822786331177,0.004340047482401133
1,5.809207737445831,2.48165876865387,1.2015014648437499,8.53220009803772,1706.1285555362701,0.9387794315814971,0.9006695997714996,0.8798090243339538,0.991333624124527,0.9417662119865418,0.9456605863571167,144.68119856940115,9.308776025604086,0.17719572288697233,0.08505319803953171,0.1538320630788803,0.000853095727507025
2,5.823116838932037,1.3234349630773068,1.6497445106506348,11.43628254532814,1726.61514878273,0.8851546704769134,0.9138356220722199,0.8506523998081684,0.9550451634079218,0.9320829904079437,0.8721667318418622,111.74129707552515,12.557309462614205,0.14588417739400375,0.06902870535850525,0.15063971281051636,0.00023860544024500996
