,BPR,PR_fan,PR_LC,PR_HC,T4,eta_fan,eta_LC,eta_HC,eta_B,eta_HT,eta_LT,thrust,TSFC,error,est_error,state_loss,error_loss
0,5.468173503875732,2.4548969745635985,1.346885299682617,8.834126234054565,1441.2289142608643,0.8909763038158416,0.8711329233646393,0.9104945862293243,0.9724757957458496,0.8780806159973145,0.8890521895885467,136.82749274257614,10.30300175698345,inf,0.11062142252922058,0.15015257894992828,0.004701173398643732
1,5.820481657981873,1.8599925994873048,1.3557935237884522,14.952884435653687,1793.8113391399384,0.9028981268405913,0.9003389549255372,0.8615984940528869,0.9923333129286765,0.8948061501979827,0.9270892751216888,137.3557642394847,9.436499121553316,0.14240033016936254,0.06448153406381607,0.15125298500061035,0.0008842969546094537
