,BPR,PR_fan,PR_LC,PR_HC,T4,eta_fan,eta_LC,eta_HC,eta_B,eta_HT,eta_LT,thrust,TSFC,error,est_error,state_loss,error_loss
0,5.865678608417511,1.365890645980835,1.7243969917297362,13.352915406227112,1733.3432912826538,0.8795386016368866,0.8970561039447784,0.9310927593708038,0.971264507472515,0.9177907979488372,0.8948030722141266,116.4823482486739,11.586842960784757,inf,0.09628331661224365,0.16063857078552246,0.0032753904815763235
