,BPR,PR_fan,PR_LC,PR_HC,T4,eta_fan,eta_LC,eta_HC,eta_B,eta_HT,eta_LT,thrust,TSFC,error,est_error,state_loss,error_loss
0,5.017819106578827,2.1959184646606444,1.5237285137176513,13.383692145347595,1777.5863587856293,0.8943710088729858,0.8660286021232605,0.9084914171695708,0.9799568226933479,0.934262136220932,0.889806694984436,161.3966797577751,9.35762633913778,inf,0.12789428234100342,0.16313335299491882,0.0036920756101608276
1,5.017819106578827,2.1959184646606444,1.5237285137176513,13.383692145347595,1777.5863587856293,0.8943710088729858,0.8660286021232605,0.9084914171695708,0.9799568226933479,0.934262136220932,0.889806694984436,161.3966797577751,9.35762633913778,inf,0.09441248327493668,0.16099031269550323,0.0009572942508384585
