,BPR,PR_fan,PR_LC,PR_HC,T4,eta_fan,eta_LC,eta_HC,eta_B,eta_HT,eta_LT,thrust,TSFC,error,est_error,state_loss,error_loss
0,5.6935442090034485,2.007688045501709,1.7719584941864013,11.515678763389587,1744.8340833187103,0.938667345046997,0.9158014428615571,0.8471032643318176,0.9814771229028701,0.8914040184020996,0.9387653720378876,152.20549666133158,8.676891147875082,inf,0.11759988963603973,0.17086835205554962,0.0037849510554224253
1,5.6935442090034485,2.007688045501709,1.7719584941864013,11.515678763389587,1744.8340833187103,0.938667345046997,0.9158014428615571,0.8471032643318176,0.9814771229028701,0.8914040184020996,0.9387653720378876,152.20549666133158,8.676891147875082,inf,0.06658878922462463,0.16762983798980713,0.0004360735765658319
