,BPR,PR_fan,PR_LC,PR_HC,T4,eta_fan,eta_LC,eta_HC,eta_B,eta_HT,eta_LT,thrust,TSFC,error,est_error,state_loss,error_loss
0,5.077198386192322,2.0926905393600466,1.2949403762817382,9.484897553920746,1758.7306082248688,0.8921837270259857,0.8757045519351959,0.8963597857952117,0.9935723969340324,0.8673841869831085,0.9620159935951232,159.90161180914438,9.902756158498603,inf,0.11097558587789536,0.15332454442977905,0.004135085269808769
1,5.481440007686615,1.6150883197784425,1.62630295753479,14.730835795402527,1490.643072128296,0.9202829957008362,0.9073968303203583,0.9366276168823242,0.9927911901473999,0.937743124961853,0.9562804055213928,126.73111568493137,8.620504598407315,0.1286973329176376,0.08046567440032959,0.15217357873916626,0.0011531792115420103
